date,대출평균,기업대출,대기업대출,중소기업대출,운전자금대출,시설자금대출,상업어음할인,기업일반자금대출,가계대출,소액대출 (500만원 이하),주택담보대출,고정형 주택담보대출,변동형 주택담보대출,예·적금담보대출,보증대출,전세자금대출,일반신용대출,집단대출,공공및기타부문대출
2008-01-01,7.25,7.26,6.81,7.41,7.24,7.56,7.85,7.53,7.21,7.09,7.08,,,6.65,7.12,,8.17,6.56,7.03
2008-02-01,6.9,6.93,6.42,7.09,6.91,7.17,7.53,7.13,6.95,7.32,6.72,,,6.58,7.21,,7.75,6.16,5.22
2008-03-01,6.9,6.92,6.43,7.1,6.91,7.04,7.26,7.07,6.89,7.04,6.7,,,6.61,6.66,,7.8,6.14,6.21
2008-04-01,6.91,6.91,6.43,7.09,6.9,7.03,7.51,7.07,6.99,6.98,6.8,,,6.68,6.71,,8.18,6.28,6.39
2008-05-01,6.96,6.96,6.39,7.14,6.94,7.16,7.5,7.14,6.95,6.9,6.79,,,6.7,6.67,,8.13,6.25,6.77
2008-06-01,7.02,7.04,6.53,7.21,7.03,7.15,7.43,7.19,6.93,7.18,6.77,,,6.75,6.61,,8.27,6.3,6.85
2008-07-01,7.12,7.12,6.66,7.3,7.1,7.4,7.63,7.29,7.12,7.41,6.92,,,6.79,6.74,,8.51,6.5,6.99
2008-08-01,7.31,7.3,6.86,7.5,7.29,7.48,7.93,7.51,7.35,7.56,7.16,,,6.9,7.41,,8.76,6.69,6.65
2008-09-01,7.44,7.44,7.09,7.6,7.42,7.73,7.99,7.63,7.45,7.4,7.25,,,6.99,7.12,,8.97,6.72,6.96
2008-10-01,7.79,7.8,7.69,7.86,7.79,7.96,8.31,8.09,7.77,7.69,7.58,,,7.12,7.74,,9.2,7.0,7.4
2008-11-01,7.53,7.51,7.37,7.56,7.51,7.54,8.14,7.78,7.62,7.55,7.42,,,7.14,7.63,,9.18,6.9,7.4
2008-12-01,6.89,6.87,6.75,6.91,6.86,7.08,7.23,7.1,7.01,7.19,6.81,,,7.13,6.75,,8.35,6.29,6.53
2009-01-01,5.91,5.94,6.08,5.88,5.92,6.43,6.53,6.11,5.84,6.85,5.63,,,6.64,5.89,,7.01,5.14,5.57
2009-02-01,5.57,5.56,5.71,5.51,5.54,5.88,5.97,5.69,5.73,7.17,5.38,,,6.49,6.54,,6.79,4.87,4.28
2009-03-01,5.5,5.48,5.58,5.45,5.44,5.86,5.49,5.69,5.62,6.62,5.43,,,6.49,5.89,,6.83,4.75,5.28
2009-04-01,5.4,5.43,5.59,5.38,5.4,5.89,5.53,5.57,5.5,6.8,5.3,,,6.08,5.41,,6.68,4.73,4.14
2009-05-01,5.42,5.43,5.53,5.4,5.38,6.06,5.47,5.54,5.48,6.71,5.25,,,6.02,5.32,,6.66,4.77,4.55
2009-06-01,5.47,5.53,5.43,5.56,5.5,5.85,5.6,5.64,5.47,6.8,5.25,,,6.06,5.31,,6.88,4.68,4.12
2009-07-01,5.53,5.53,5.54,5.52,5.48,6.13,5.99,5.67,5.58,7.06,5.29,,,6.11,5.39,,7.17,4.79,5.15
2009-08-01,5.61,5.6,5.52,5.63,5.56,6.07,6.05,5.7,5.63,6.16,5.45,,,6.01,5.12,,7.09,4.91,6.04
2009-09-01,5.82,5.78,5.55,5.85,5.74,6.2,6.23,5.86,5.96,6.86,5.77,,,6.0,5.71,,7.48,5.25,5.75
2009-10-01,5.88,5.84,5.67,5.89,5.81,6.24,6.45,5.92,6.05,7.19,5.9,,,5.82,5.82,,7.62,5.44,6.16
2009-11-01,5.87,5.84,5.67,5.88,5.8,6.3,6.49,5.94,6.0,7.12,5.87,,,5.58,5.78,,7.66,5.38,6.04
2009-12-01,5.81,5.79,5.45,5.89,5.72,6.39,6.33,5.82,5.95,6.91,5.9,,,5.48,5.87,,7.25,5.42,5.45
2010-01-01,5.94,5.92,5.64,6.03,5.88,6.41,6.62,6.02,6.02,6.88,5.88,,,5.43,6.06,,7.64,5.42,5.82
2010-02-01,5.84,5.83,5.52,5.97,5.78,6.45,6.68,5.84,5.92,5.95,5.75,,,5.44,5.66,,7.41,5.36,5.25
2010-03-01,5.69,5.74,5.42,5.85,5.72,6.05,6.39,5.8,5.8,6.63,5.47,,,5.42,5.68,,7.42,5.42,4.36
2010-04-01,5.49,5.51,5.27,5.6,5.49,5.89,6.21,5.58,5.46,6.66,5.07,,,5.2,5.49,,7.01,5.02,4.62
2010-05-01,5.4,5.48,5.24,5.56,5.47,5.71,6.18,5.58,5.16,6.32,4.78,,,5.21,5.35,,6.27,4.72,4.98
2010-06-01,5.32,5.4,4.96,5.54,5.37,5.76,6.09,5.44,5.15,6.64,4.62,,,5.33,5.47,,7.06,4.74,4.31
2010-07-01,5.39,5.45,5.13,5.58,5.43,5.76,6.33,5.5,5.13,6.73,4.7,,,5.42,5.34,,7.22,4.55,5.55
2010-08-01,5.51,5.57,5.34,5.66,5.55,5.81,6.35,5.65,5.26,5.86,4.81,,,5.48,4.87,,7.22,4.59,5.62
2010-09-01,5.45,5.51,5.25,5.61,5.49,5.7,6.21,5.58,5.22,6.56,4.8,,,5.43,5.14,,7.22,4.48,5.46
2010-10-01,5.37,5.41,5.03,5.57,5.4,5.5,6.27,5.43,5.21,6.79,4.74,,,5.38,5.06,,7.36,4.53,5.46
2010-11-01,5.34,5.4,5.05,5.54,5.41,5.34,6.21,5.31,5.15,6.97,4.65,,,5.35,5.12,,7.35,4.58,5.1
2010-12-01,5.4,5.52,5.15,5.66,5.51,5.68,6.09,5.55,5.08,6.65,4.67,,,5.26,5.34,,7.1,4.49,4.67
2011-01-01,5.64,5.71,5.43,5.81,5.7,5.76,6.46,5.74,5.3,6.33,4.8,,,5.2,5.48,,7.44,4.74,5.84
2011-02-01,5.66,5.81,5.5,5.92,5.8,5.86,6.6,5.83,5.26,5.74,4.86,,,5.31,5.15,,7.33,4.66,4.95
2011-03-01,5.78,5.96,5.68,6.05,5.97,5.85,6.6,5.99,5.41,6.66,4.89,,,5.31,5.42,,7.76,4.87,4.71
2011-04-01,5.7,5.8,5.36,5.97,5.81,5.68,6.65,5.78,5.42,6.85,4.88,,,5.33,5.51,,7.7,5.16,5.0
2011-05-01,5.76,5.83,5.35,6.03,5.85,5.62,6.67,5.77,5.49,7.06,4.9,,,5.39,5.69,,7.7,5.18,5.42
2011-06-01,5.8,5.89,5.51,6.04,5.9,5.78,6.64,5.87,5.47,7.02,4.87,,,5.39,5.54,,7.53,5.17,5.37
2011-07-01,5.86,5.98,5.67,6.09,5.99,5.83,6.71,5.97,5.46,6.83,4.9,,,5.43,5.45,,7.79,5.19,5.38
2011-08-01,5.84,5.92,5.55,6.07,5.94,5.74,6.7,5.79,5.58,6.21,4.97,,,5.43,5.5,,7.96,4.96,5.38
2011-09-01,5.76,5.87,5.46,6.04,5.88,5.76,6.61,5.83,5.66,6.41,5.0,,,5.42,5.36,,8.27,5.24,4.78
2011-10-01,5.77,5.86,5.5,6.01,5.88,5.69,6.61,5.8,5.56,7.02,5.01,,,5.47,5.54,,8.22,4.9,5.0
2011-11-01,5.83,5.9,5.59,6.01,5.93,5.65,6.63,5.82,5.6,7.18,5.01,,,5.48,5.5,,8.27,4.83,5.47
2011-12-01,5.69,5.81,5.42,5.99,5.83,5.64,6.45,5.73,5.37,6.73,4.95,,,5.35,5.46,,7.9,4.65,5.1
2012-01-01,5.79,5.83,5.46,6.01,5.85,5.56,6.65,5.75,5.8,6.39,5.06,,,5.29,5.63,,8.16,5.19,4.98
2012-02-01,5.71,5.74,5.36,5.94,5.82,5.22,6.58,5.63,5.67,6.17,5.02,,,5.31,5.41,,8.05,5.17,4.97
2012-03-01,5.74,5.79,5.47,5.93,5.82,5.53,6.49,5.73,5.62,6.52,5.0,,,5.27,5.42,,8.14,5.05,4.95
2012-04-01,5.71,5.76,5.45,5.9,5.77,5.61,6.54,5.61,5.54,6.89,4.94,,,5.1,5.34,,8.15,5.11,5.53
2012-05-01,5.66,5.74,5.45,5.87,5.76,5.54,6.52,5.63,5.51,7.05,4.85,,,5.22,5.5,,7.95,5.13,4.86
2012-06-01,5.58,5.67,5.39,5.81,5.69,5.5,6.4,5.57,5.38,6.99,4.76,,,5.2,5.37,,7.89,5.03,4.62
2012-07-01,5.45,5.53,5.26,5.7,5.58,5.12,6.3,5.44,5.2,6.81,4.64,,,5.11,5.34,,6.71,4.95,4.98
2012-08-01,5.22,5.36,5.1,5.5,5.38,5.16,6.15,5.24,4.9,6.23,4.41,,,5.03,5.05,,6.28,4.46,4.22
2012-09-01,5.13,5.3,4.93,5.49,5.32,5.06,6.06,5.17,4.86,6.58,4.29,,,4.99,5.0,,6.94,4.39,3.94
2012-10-01,4.98,5.08,4.76,5.29,5.14,4.69,5.93,4.95,4.84,6.63,4.23,,,4.97,5.33,,7.02,4.42,3.94
2012-11-01,4.94,5.05,4.81,5.21,5.09,4.78,5.93,4.9,4.74,6.61,4.19,,,4.93,4.88,,7.03,4.31,3.91
2012-12-01,4.84,5.01,4.71,5.22,5.03,4.87,5.71,4.86,4.54,6.27,4.16,,,4.88,4.61,,6.87,4.01,3.87
2013-01-01,5.0,5.04,4.78,5.21,5.1,4.63,5.94,4.93,4.84,6.01,4.17,4.14,4.19,4.79,4.79,,7.02,4.37,4.59
2013-02-01,4.91,5.03,4.8,5.16,5.06,4.78,5.85,4.95,4.61,5.69,4.06,4.05,4.07,4.8,4.52,,6.75,4.13,4.1
2013-03-01,4.77,4.86,4.57,5.02,4.91,4.55,5.73,4.8,4.55,6.23,3.97,3.97,3.98,4.74,4.54,,6.62,4.04,4.15
2013-04-01,4.73,4.82,4.57,4.98,4.88,4.39,5.74,4.71,4.42,6.33,3.86,3.86,3.87,4.65,4.47,,6.55,4.06,4.93
2013-05-01,4.62,4.73,4.48,4.87,4.77,4.42,5.72,4.61,4.3,6.25,3.77,3.8,3.74,4.61,4.43,,6.41,4.05,4.43
2013-06-01,4.52,4.7,4.48,4.83,4.74,4.48,5.58,4.62,4.11,6.1,3.73,3.75,3.71,4.55,4.29,,6.19,3.83,4.29
2013-07-01,4.6,4.69,4.38,4.9,4.73,4.44,5.55,4.59,4.31,6.01,3.77,3.82,3.73,4.47,4.29,,6.25,4.05,4.13
2013-08-01,4.55,4.61,4.27,4.84,4.63,4.47,5.6,4.48,4.33,5.53,3.8,3.97,3.73,4.45,4.13,,6.13,3.92,4.3
2013-09-01,4.54,4.59,4.25,4.85,4.62,4.38,5.61,4.52,4.26,5.7,3.82,4.04,3.77,4.42,4.12,,5.87,3.71,4.69
2013-10-01,4.46,4.56,4.21,4.8,4.58,4.37,5.59,4.44,4.21,5.87,3.81,4.11,3.75,4.39,4.07,,5.87,3.71,3.96
2013-11-01,4.5,4.58,4.29,4.79,4.61,4.36,5.55,4.47,4.19,5.9,3.77,4.14,3.72,4.32,4.05,,5.9,3.71,4.17
2013-12-01,4.52,4.67,4.43,4.84,4.7,4.46,5.41,4.58,4.1,5.79,3.74,4.13,3.7,4.28,3.97,,5.8,3.65,3.97
2014-01-01,4.53,4.62,4.31,4.88,4.64,4.41,5.68,4.5,4.15,5.43,3.75,3.81,3.74,4.28,4.01,,5.85,3.71,4.11
2014-02-01,4.45,4.58,4.31,4.79,4.61,4.37,5.6,4.46,4.05,5.49,3.71,3.63,3.74,4.21,3.94,,5.63,3.69,3.96
2014-03-01,4.46,4.57,4.28,4.76,4.6,4.38,5.51,4.48,4.09,5.51,3.69,3.63,3.74,4.21,3.93,,5.77,3.77,4.11
2014-04-01,4.42,4.51,4.23,4.73,4.54,4.33,5.53,4.4,4.04,5.46,3.69,3.66,3.74,4.13,3.85,,5.66,3.7,4.97
2014-05-01,4.4,4.5,4.19,4.72,4.52,4.33,5.54,4.37,4.02,5.39,3.63,3.59,3.71,4.12,3.85,,5.7,3.7,4.24
2014-06-01,4.4,4.53,4.27,4.72,4.56,4.32,5.46,4.43,3.94,5.29,3.58,3.52,3.69,4.12,3.82,,5.62,3.61,4.13
2014-07-01,4.39,4.54,4.28,4.71,4.59,4.23,5.53,4.41,3.93,5.22,3.53,3.45,3.66,4.09,3.83,,5.59,3.65,4.22
2014-08-01,4.18,4.35,4.03,4.58,4.39,4.14,5.34,4.31,3.76,5.08,3.5,3.46,3.57,4.02,3.74,,5.38,3.53,4.08
2014-09-01,4.14,4.28,3.96,4.5,4.32,4.02,5.21,4.18,3.76,4.95,3.5,3.53,3.46,3.98,3.7,,5.29,3.47,3.67
2014-10-01,4.0,4.14,3.88,4.32,4.12,4.21,5.13,4.06,3.64,4.88,3.38,3.39,3.36,3.9,3.59,,5.08,3.43,4.01
2014-11-01,3.88,4.02,3.72,4.21,4.06,3.8,5.07,3.9,3.55,4.66,3.3,3.31,3.29,3.81,3.49,,4.92,3.36,4.23
2014-12-01,3.91,4.07,3.77,4.26,4.11,3.84,4.86,3.98,3.55,4.7,3.33,3.35,3.3,3.73,3.42,,4.89,3.24,3.5
2015-01-01,3.9,4.02,3.76,4.23,4.06,3.76,5.14,3.9,3.59,4.53,3.34,3.35,3.34,3.84,3.44,3.5,4.99,3.37,3.28
2015-02-01,3.86,4.02,3.72,4.21,4.07,3.75,5.1,3.92,3.48,4.58,3.24,3.23,3.26,3.75,3.41,3.47,4.88,3.3,3.45
2015-03-01,3.61,3.81,3.47,4.02,3.87,3.53,4.85,3.73,3.21,4.57,2.97,2.91,3.12,3.65,3.34,3.39,4.75,3.2,3.36
2015-04-01,3.36,3.67,3.39,3.85,3.75,3.34,4.75,3.59,2.96,4.43,2.81,2.78,3.0,3.59,3.23,3.29,4.46,3.17,4.13
2015-05-01,3.56,3.71,3.42,3.86,3.77,3.44,4.8,3.63,3.27,4.44,3.06,3.12,2.99,3.57,3.13,3.2,4.53,3.03,2.93
2015-06-01,3.49,3.61,3.33,3.77,3.69,3.34,4.68,3.54,3.22,4.6,3.01,3.11,2.93,3.48,3.09,3.11,4.46,3.04,2.99
2015-07-01,3.43,3.54,3.29,3.69,3.61,3.25,4.59,3.46,3.17,4.44,2.96,3.1,2.86,3.41,2.97,3.0,4.41,3.05,3.54
2015-08-01,3.44,3.57,3.27,3.74,3.64,3.31,4.61,3.49,3.13,4.3,2.94,3.06,2.83,3.37,2.9,2.98,4.34,2.87,3.21
2015-09-01,3.43,3.56,3.29,3.73,3.62,3.32,4.59,3.49,3.11,4.34,2.92,2.97,2.85,3.33,2.85,2.94,4.4,2.84,3.19
2015-10-01,3.42,3.57,3.35,3.72,3.59,3.47,4.58,3.5,3.06,4.34,2.9,2.91,2.89,3.3,2.78,2.92,4.41,2.77,3.1
2015-11-01,3.44,3.56,3.25,3.77,3.6,3.38,4.63,3.5,3.16,4.38,3.04,3.08,2.97,3.28,2.78,2.95,4.44,2.86,3.17
2015-12-01,3.46,3.62,3.29,3.83,3.64,3.53,4.51,3.58,3.23,4.26,3.12,3.14,3.07,3.25,2.91,3.1,4.47,2.88,2.81
2016-01-01,3.49,3.57,3.22,3.84,3.59,3.41,4.71,3.51,3.28,4.17,3.1,3.11,3.09,3.25,2.98,3.16,4.56,2.98,3.22
2016-02-01,3.47,3.57,3.23,3.83,3.59,3.43,4.63,3.53,3.21,4.41,2.99,2.98,3.02,3.21,2.95,3.12,4.47,2.9,3.33
2016-03-01,3.5,3.6,3.28,3.79,3.65,3.37,4.59,3.56,3.24,4.5,2.97,2.95,3.05,3.12,2.94,3.03,4.6,2.95,2.95
2016-04-01,3.44,3.55,3.27,3.73,3.62,3.22,4.53,3.5,3.17,4.42,2.93,2.91,3.02,3.11,2.92,2.96,4.48,2.91,3.12
2016-05-01,3.45,3.55,3.27,3.71,3.6,3.31,4.51,3.49,3.16,4.39,2.89,2.88,2.94,3.09,2.89,2.95,4.48,2.9,3.32
2016-06-01,3.31,3.41,3.06,3.64,3.45,3.22,4.39,3.36,3.06,4.33,2.77,2.76,2.83,3.02,2.88,2.95,4.29,2.94,2.84
2016-07-01,3.23,3.37,3.08,3.53,3.41,3.18,4.32,3.31,2.96,4.43,2.66,2.66,2.67,3.0,2.92,2.93,4.24,2.82,3.0
2016-08-01,3.23,3.38,3.03,3.56,3.41,3.22,4.28,3.31,2.95,4.26,2.7,2.69,2.7,2.94,2.85,2.85,4.24,2.79,2.98
2016-09-01,3.27,3.37,3.01,3.6,3.41,3.18,4.31,3.32,3.03,4.27,2.8,2.79,2.85,2.96,2.86,2.87,4.31,2.9,3.29
2016-10-01,3.29,3.38,3.02,3.61,3.4,3.31,4.4,3.34,3.08,4.13,2.89,2.86,2.97,3.0,2.89,2.97,4.28,2.9,3.03
2016-11-01,3.36,3.45,3.05,3.68,3.47,3.36,4.53,3.38,3.2,4.19,3.04,3.06,3.01,2.99,3.0,3.1,4.35,3.01,3.08
2016-12-01,3.44,3.54,3.16,3.77,3.54,3.51,4.37,3.5,3.29,4.19,3.13,3.17,3.08,2.98,3.07,3.16,4.44,3.16,2.78
2017-01-01,3.51,3.55,3.2,3.79,3.55,3.56,4.54,3.52,3.39,4.03,3.16,3.19,3.12,3.0,3.23,3.36,4.51,3.17,3.43
2017-02-01,3.45,3.49,3.09,3.75,3.48,3.5,4.45,3.43,3.38,4.21,3.19,3.2,3.17,2.96,3.22,3.33,4.46,3.15,3.25
2017-03-01,3.48,3.53,3.23,3.72,3.54,3.47,4.44,3.52,3.43,4.32,3.21,3.23,3.16,2.93,3.22,3.26,4.61,3.1,2.7
2017-04-01,3.42,3.42,3.05,3.68,3.45,3.31,4.44,3.37,3.41,4.66,3.21,3.26,3.11,2.94,3.15,3.21,4.52,3.06,3.62
2017-05-01,3.45,3.45,3.11,3.66,3.46,3.37,4.38,3.4,3.47,4.45,3.26,3.32,3.17,2.85,3.29,3.18,4.45,3.15,3.48
2017-06-01,3.44,3.45,3.08,3.68,3.48,3.36,4.42,3.43,3.41,4.41,3.22,3.27,3.15,2.93,3.21,3.15,4.41,3.12,3.28
2017-07-01,3.45,3.44,3.1,3.64,3.46,3.39,4.42,3.41,3.46,4.48,3.28,3.31,3.23,2.89,3.35,3.11,4.44,3.16,3.35
2017-08-01,3.43,3.44,3.09,3.64,3.46,3.39,4.41,3.41,3.39,4.53,3.28,3.32,3.23,2.92,3.35,3.09,3.78,3.09,3.3
2017-09-01,3.46,3.48,3.1,3.69,3.5,3.42,4.45,3.46,3.41,4.6,3.24,3.29,3.18,2.92,3.28,3.03,4.01,3.22,3.41
2017-10-01,3.46,3.45,3.11,3.67,3.43,3.54,4.46,3.45,3.51,4.63,3.33,3.41,3.23,3.01,3.37,3.06,4.15,3.52,3.21
2017-11-01,3.55,3.54,3.13,3.78,3.54,3.55,4.59,3.51,3.59,4.56,3.39,3.46,3.32,3.03,3.43,3.13,4.3,3.53,3.54
2017-12-01,3.62,3.64,3.28,3.86,3.65,3.63,4.52,3.63,3.61,4.66,3.42,3.46,3.37,3.01,3.49,3.2,4.38,3.52,2.96
2018-01-01,3.69,3.68,3.33,3.92,3.67,3.76,4.79,3.68,3.71,4.57,3.47,3.54,3.38,3.06,3.62,3.25,4.39,3.52,3.56
2018-02-01,3.68,3.69,3.31,3.92,3.68,3.74,4.72,3.69,3.65,4.61,3.46,3.57,3.35,3.04,3.55,3.21,4.34,3.44,3.55
2018-03-01,3.67,3.66,3.3,3.86,3.67,3.61,4.71,3.65,3.69,4.71,3.45,3.58,3.33,3.08,3.58,3.23,4.48,3.54,4.02
2018-04-01,3.65,3.64,3.31,3.85,3.65,3.6,4.69,3.62,3.69,4.74,3.47,3.57,3.38,3.08,3.59,3.25,4.49,3.43,3.73
2018-05-01,3.68,3.66,3.31,3.88,3.68,3.58,4.72,3.64,3.75,4.68,3.49,3.62,3.38,3.15,3.64,3.24,4.56,3.54,3.77
2018-06-01,3.65,3.63,3.3,3.85,3.65,3.54,4.69,3.62,3.72,4.68,3.46,3.57,3.35,3.14,3.61,3.21,4.57,3.45,3.45
2018-07-01,3.67,3.64,3.27,3.86,3.67,3.53,4.72,3.63,3.73,4.64,3.44,3.5,3.35,3.14,3.65,3.22,4.56,3.52,3.84
2018-08-01,3.63,3.62,3.25,3.83,3.64,3.56,4.7,3.61,3.66,4.48,3.36,3.39,3.3,3.15,3.58,3.21,4.47,3.41,3.5
2018-09-01,3.61,3.62,3.21,3.88,3.63,3.56,4.69,3.59,3.62,4.64,3.29,3.3,3.28,3.22,3.56,3.23,4.39,3.4,3.08
2018-10-01,3.64,3.65,3.42,3.84,3.67,3.59,4.74,3.67,3.64,4.42,3.31,3.3,3.32,3.23,3.57,3.25,4.45,3.45,3.03
2018-11-01,3.66,3.69,3.42,3.87,3.71,3.58,4.79,3.68,3.63,4.56,3.28,3.25,3.35,3.25,3.57,3.29,4.56,3.3,3.2
2018-12-01,3.72,3.77,3.5,3.98,3.8,3.6,4.7,3.69,3.61,4.63,3.19,3.16,3.27,3.26,3.58,3.33,4.64,3.23,3.5
2019-01-01,3.73,3.81,3.58,4.0,3.83,3.66,4.93,3.79,3.58,4.44,3.12,3.08,3.24,3.26,3.6,3.36,4.57,3.14,3.12
2019-02-01,3.7,3.78,3.56,3.93,3.83,3.51,4.89,3.74,3.5,4.56,3.08,3.05,3.18,3.24,3.49,3.35,4.49,3.11,3.74
2019-03-01,3.66,3.71,3.5,3.84,3.77,3.51,4.85,3.68,3.53,4.63,3.04,3.01,3.13,3.26,3.48,3.29,4.63,3.09,3.87
2019-04-01,3.65,3.71,3.53,3.83,3.76,3.49,4.84,3.67,3.48,4.65,2.98,2.93,3.1,3.21,3.43,3.23,4.54,3.12,3.29
2019-05-01,3.62,3.67,3.47,3.79,3.73,3.4,4.83,3.63,3.49,4.65,2.93,2.87,3.11,3.2,3.43,3.15,4.4,3.28,3.61
2019-06-01,3.49,3.58,3.38,3.71,3.66,3.3,4.72,3.5,3.25,4.55,2.74,2.69,2.9,3.21,3.2,3.04,4.23,2.85,3.75
2019-07-01,3.4,3.52,3.31,3.66,3.59,3.24,4.65,3.46,3.12,4.37,2.64,2.6,2.74,3.12,3.11,2.93,3.96,2.76,3.49
2019-08-01,3.19,3.32,3.11,3.45,3.4,3.07,4.5,3.24,2.92,4.13,2.47,2.43,2.55,3.02,2.95,2.77,3.63,2.76,3.32
2019-09-01,3.31,3.42,3.3,3.5,3.51,3.12,4.56,3.38,3.02,4.36,2.51,2.45,2.64,3.08,3.2,2.87,3.86,2.88,3.35
2019-10-01,3.2,3.28,3.13,3.39,3.34,3.09,4.49,3.25,3.01,4.59,2.5,2.42,2.77,3.02,3.25,2.91,3.9,2.75,2.86
2019-11-01,3.18,3.29,3.05,3.45,3.35,3.11,4.47,3.24,2.96,4.56,2.45,2.35,2.99,3.05,3.18,2.95,3.9,3.1,3.23
2019-12-01,3.22,3.36,3.17,3.5,3.42,3.14,4.31,3.33,2.98,4.58,2.45,2.35,2.94,3.05,3.24,2.99,3.87,2.98,2.62
2020-01-01,3.19,3.32,3.12,3.48,3.35,3.2,4.48,3.29,2.95,4.49,2.51,2.42,2.9,3.01,3.13,2.92,3.83,2.94,2.87
2020-02-01,3.08,3.19,2.96,3.35,3.24,3.02,4.37,3.11,2.9,4.49,2.52,2.47,2.74,2.93,3.02,2.83,3.7,2.75,3.27
2020-03-01,2.91,2.94,2.72,3.13,2.96,2.87,4.19,2.94,2.88,4.33,2.48,2.43,2.66,2.84,2.99,2.72,3.49,2.61,2.32
2020-04-01,2.8,2.77,2.65,2.86,2.78,2.72,4.0,2.77,2.89,4.36,2.58,2.55,2.66,2.74,2.93,2.64,3.5,2.69,2.46
2020-05-01,2.82,2.83,2.75,2.88,2.83,2.81,3.93,2.84,2.81,4.26,2.52,2.52,2.53,2.67,2.83,2.57,3.33,2.53,2.58
2020-06-01,2.72,2.75,2.54,2.9,2.76,2.72,3.71,2.81,2.67,4.12,2.49,2.52,2.43,2.58,2.66,2.41,2.93,2.46,2.19
2020-07-01,2.7,2.74,2.55,2.87,2.78,2.63,3.73,2.71,2.62,4.23,2.45,2.5,2.37,2.52,2.58,2.35,2.92,2.5,2.72
2020-08-01,2.63,2.68,2.48,2.8,2.71,2.59,3.68,2.67,2.55,3.88,2.39,2.43,2.32,2.52,2.49,2.32,2.86,2.4,2.35
2020-09-01,2.66,2.7,2.43,2.86,2.73,2.61,3.76,2.68,2.59,3.98,2.44,2.46,2.42,2.53,2.52,2.34,2.89,2.41,2.42
2020-10-01,2.66,2.68,2.49,2.81,2.7,2.64,3.72,2.7,2.64,4.3,2.47,2.46,2.49,2.54,2.51,2.39,3.15,2.57,2.13
2020-11-01,2.71,2.72,2.49,2.86,2.75,2.61,3.75,2.68,2.72,4.34,2.56,2.52,2.62,2.56,2.66,2.54,3.01,2.68,2.28
2020-12-01,2.74,2.73,2.51,2.89,2.74,2.69,3.64,2.73,2.79,4.25,2.59,2.51,2.71,2.5,2.69,2.58,3.5,2.71,2.1
2021-01-01,2.72,2.69,2.41,2.9,2.7,2.66,3.83,2.66,2.83,4.06,2.63,2.57,2.7,2.47,2.7,2.59,3.46,2.85,2.07
2021-02-01,2.74,2.69,2.46,2.85,2.72,2.59,3.8,2.66,2.81,4.11,2.66,2.62,2.71,2.39,2.64,2.57,3.61,2.95,2.7
2021-03-01,2.77,2.74,2.52,2.88,2.79,2.61,3.79,2.72,2.88,4.13,2.73,2.71,2.77,2.35,2.67,2.57,3.7,3.07,2.15
2021-04-01,2.74,2.68,2.44,2.82,2.71,2.58,3.69,2.66,2.91,4.21,2.73,2.71,2.75,2.32,2.73,2.57,3.65,3.25,2.31
2021-05-01,2.72,2.67,2.42,2.83,2.71,2.52,3.67,2.66,2.89,4.37,2.69,2.74,2.66,2.25,2.67,2.52,3.69,2.81,2.16
2021-06-01,2.77,2.72,2.53,2.85,2.76,2.6,3.61,2.71,2.92,4.58,2.74,2.83,2.68,2.3,2.65,2.52,3.75,3.06,2.21
2021-07-01,2.77,2.69,2.45,2.85,2.75,2.56,3.7,2.68,2.98,4.64,2.81,2.92,2.73,2.34,2.76,2.64,3.86,3.2,2.44
2021-08-01,2.87,2.78,2.56,2.93,2.82,2.65,3.79,2.77,3.1,4.97,2.88,2.98,2.78,2.38,2.85,2.72,3.97,3.14,2.43
2021-09-01,2.96,2.88,2.64,3.05,2.91,2.79,3.95,2.88,3.18,4.98,3.01,3.11,2.87,2.46,2.92,2.86,4.15,3.19,2.46
2021-10-01,3.07,2.94,2.67,3.14,2.93,2.96,3.91,2.97,3.46,5.04,3.26,3.38,3.05,2.44,3.09,3.13,4.62,3.71,2.47
2021-11-01,3.23,3.12,2.9,3.3,3.11,3.15,4.15,3.17,3.61,5.08,3.51,3.55,3.41,2.51,3.26,3.3,5.16,3.99,2.89
2021-12-01,3.25,3.14,2.86,3.37,3.12,3.22,4.14,3.19,3.66,5.09,3.63,3.58,3.76,2.54,3.29,3.4,5.12,3.87,2.63
2022-01-01,3.45,3.3,3.03,3.52,3.3,3.28,4.42,3.3,3.91,4.9,3.85,3.83,3.92,2.62,3.48,3.55,5.28,4.13,2.6
2022-02-01,3.51,3.37,3.12,3.59,3.35,3.46,4.45,3.37,3.93,5.26,3.88,3.88,3.85,2.68,3.55,3.57,5.33,4.3,2.82
2022-03-01,3.5,3.39,3.12,3.57,3.37,3.45,4.42,3.4,3.98,5.02,3.84,3.84,3.82,2.77,3.54,3.52,5.46,4.35,3.04
2022-04-01,3.57,3.45,3.17,3.67,3.43,3.49,4.49,3.44,4.05,5.07,3.9,3.98,3.77,2.92,3.56,3.49,5.62,4.28,3.25
2022-05-01,3.68,3.6,3.35,3.79,3.59,3.62,4.72,3.6,4.14,5.61,3.9,4.02,3.77,2.94,3.77,3.51,5.78,4.24,3.04
2022-06-01,3.9,3.84,3.59,4.06,3.82,3.92,4.97,3.86,4.23,5.76,4.04,4.17,3.87,3.12,3.82,3.63,6.0,4.2,3.17
2022-07-01,4.21,4.12,3.84,4.36,4.1,4.17,5.3,4.12,4.53,5.99,4.16,4.22,4.05,3.3,4.02,3.86,5.91,4.2,3.76
2022-08-01,4.52,4.46,4.23,4.65,4.44,4.54,5.6,4.45,4.76,6.24,4.35,4.36,4.29,3.4,4.45,4.05,6.24,4.33,3.97
2022-09-01,4.71,4.66,4.38,4.87,4.6,4.88,5.82,4.65,5.15,6.7,4.79,4.86,4.57,3.68,4.82,4.26,6.62,4.92,3.91
2022-10-01,5.26,5.27,5.08,5.49,5.23,5.47,6.23,5.33,5.34,7.37,4.82,4.82,4.81,3.81,5.1,4.65,7.22,5.25,4.58
2022-11-01,5.64,5.67,5.41,5.93,5.62,5.92,6.59,5.7,5.57,7.55,4.74,4.63,5.16,4.11,5.65,5.02,7.85,5.17,5.55
2022-12-01,5.57,5.56,5.32,5.76,5.52,5.76,6.43,5.62,5.64,7.37,4.63,4.5,5.37,4.4,6.27,5.16,7.97,5.09,5.34
2023-01-01,5.46,5.47,5.3,5.67,5.46,5.55,6.46,5.48,5.47,7.15,4.58,4.48,5.37,4.49,5.94,4.96,7.21,4.79,5.2
2023-02-01,5.32,5.36,5.24,5.45,5.4,5.23,6.34,5.33,5.22,6.94,4.56,4.5,4.95,4.67,5.46,4.57,6.55,4.58,5.41
2023-03-01,5.17,5.25,5.19,5.28,5.31,5.07,6.34,5.19,4.96,6.99,4.4,4.35,4.76,4.78,5.38,4.42,6.44,4.57,4.88
2023-04-01,5.01,5.09,5.01,5.14,5.18,4.86,6.15,5.02,4.82,7.1,4.24,4.21,4.56,4.79,5.17,4.11,6.3,4.35,4.7
2023-05-01,5.12,5.2,5.17,5.23,5.29,4.95,6.17,5.15,4.83,6.61,4.21,4.18,4.52,4.85,5.1,4.09,6.56,4.15,5.49
2023-06-01,5.17,5.32,5.25,5.37,5.34,5.22,6.2,5.25,4.81,6.44,4.26,4.23,4.45,4.93,5.05,4.14,6.47,4.17,4.85
2023-07-01,5.11,5.25,5.17,5.32,5.32,5.02,6.18,5.21,4.8,6.48,4.28,4.25,4.57,5.03,4.91,4.14,6.52,4.24,4.89
2023-08-01,5.1,5.21,5.17,5.24,5.3,4.94,6.12,5.16,4.83,6.74,4.31,4.28,4.63,5.11,4.96,4.13,6.53,4.21,5.05
2023-09-01,5.17,5.27,5.18,5.34,5.36,4.97,6.15,5.2,4.9,7.14,4.35,4.33,4.61,5.13,5.06,4.18,6.59,4.26,5.33
2023-10-01,5.24,5.33,5.3,5.35,5.4,5.05,6.17,5.31,5.04,7.73,4.56,4.55,4.66,5.16,5.04,4.28,6.81,4.37,4.82
2023-11-01,5.26,5.36,5.29,5.42,5.44,5.11,6.2,5.32,5.04,7.56,4.48,4.43,4.7,5.18,5.07,4.4,6.85,4.28,5.09
2023-12-01,5.14,5.29,5.28,5.31,5.34,5.12,6.05,5.3,4.82,6.95,4.16,4.09,4.7,5.01,5.07,4.26,6.58,4.0,4.9
2024-01-01,5.04,5.22,5.16,5.28,5.31,4.88,6.08,5.17,4.68,7.07,3.99,3.94,4.59,4.93,5.0,4.09,6.38,3.93,4.89
2024-02-01,4.85,5.03,5.11,4.98,5.16,4.65,6.06,4.96,4.49,7.02,3.96,3.93,4.26,4.83,4.67,4.02,6.29,4.07,4.81
2024-03-01,4.85,4.96,5.01,4.93,5.11,4.56,6.02,4.91,4.5,7.25,3.94,3.9,4.31,4.82,4.66,3.94,6.14,3.96,4.7
2024-04-01,4.77,4.88,4.97,4.81,5.03,4.48,5.93,4.81,4.48,7.06,3.93,3.91,4.29,4.82,4.65,3.91,6.02,3.93,4.61
2024-05-01,4.78,4.9,4.99,4.85,5.07,4.4,5.98,4.8,4.49,6.95,3.91,3.89,4.26,4.83,4.6,3.9,6.11,3.88,4.24
2024-06-01,4.71,4.88,5.0,4.79,5.07,4.41,5.94,4.8,4.26,6.89,3.71,3.69,4.2,4.8,4.37,3.84,6.04,3.67,4.5
2024-07-01,4.55,4.78,4.89,4.69,4.99,4.23,5.87,4.69,4.06,6.82,3.5,3.48,4.12,4.8,4.41,3.78,5.78,3.46,4.19
2024-08-01,4.48,4.67,4.78,4.59,4.9,4.18,5.87,4.57,4.08,6.4,3.51,3.49,4.04,4.76,4.44,3.82,5.65,3.45,4.61
2024-09-01,4.62,4.77,4.81,4.74,4.99,4.18,5.85,4.67,4.23,6.43,3.74,3.72,4.08,4.78,4.4,4.05,5.87,3.58,4.64
2024-10-01,4.67,4.71,4.79,4.64,4.85,4.23,5.79,4.67,4.55,6.83,4.05,4.04,4.14,4.71,4.64,4.26,5.86,3.88,4.45
2024-11-01,4.76,4.76,4.74,4.77,4.9,4.27,5.76,4.71,4.79,6.7,4.3,4.31,4.25,4.65,4.66,4.43,6.17,4.41,4.51
2024-12-01,4.64,4.62,4.6,4.65,4.71,4.25,5.49,4.6,4.72,6.65,4.25,4.23,4.32,4.55,4.64,4.34,6.15,4.37,4.32
2025-01-01,4.53,4.5,4.48,4.53,4.61,4.04,5.49,4.47,4.65,6.56,4.27,4.26,4.34,4.53,4.6,4.16,5.58,4.39,3.99
2025-02-01,4.46,4.43,4.41,4.45,4.56,4.06,5.4,4.4,4.52,6.63,4.23,4.22,4.25,4.44,4.46,4.09,5.5,4.35,4.25
2025-03-01,4.36,4.32,4.32,4.31,4.41,4.02,5.21,4.28,4.51,6.8,4.17,4.15,4.25,4.38,4.46,3.99,5.48,4.29,4.04
2025-04-01,4.19,4.14,4.04,4.24,4.3,3.69,5.1,4.11,4.36,6.64,3.98,3.96,4.12,4.34,4.37,3.81,5.28,4.12,3.93
2025-05-01,4.17,4.16,4.15,4.17,4.25,3.77,5.07,4.13,4.26,6.82,3.87,3.86,3.97,4.3,4.32,3.7,5.21,3.95,3.59
2025-06-01,4.09,4.06,4.0,4.11,4.14,3.76,4.93,4.04,4.21,6.7,3.93,3.92,3.99,4.21,4.24,3.71,5.03,3.91,3.65
2025-07-01,4.06,4.04,3.99,4.08,4.14,3.74,4.93,4.03,4.2,6.46,3.96,3.95,4.05,4.15,4.12,3.75,5.34,3.9,3.53
2025-08-01,4.06,4.03,3.99,4.06,4.12,3.75,4.93,4.0,4.17,6.28,3.96,3.94,4.08,4.15,4.04,3.78,5.41,3.89,3.69
2025-09-01,4.03,3.99,3.91,4.05,4.09,3.69,4.9,3.95,4.17,6.27,3.96,3.94,4.08,4.15,3.99,3.76,5.31,3.96,3.89
2025-10-01,4.02,3.96,3.95,3.96,4.06,3.57,4.91,3.95,4.24,6.33,3.98,3.97,4.11,4.12,4.09,3.78,5.19,4.06,3.64
2025-11-01,4.15,4.1,4.06,4.14,4.19,3.84,4.97,4.08,4.32,6.06,4.17,4.17,4.18,4.07,3.92,3.9,5.46,4.17,3.72
2025-12-01,4.19,4.16,4.08,4.24,4.23,3.87,4.9,4.17,4.35,6.0,4.23,4.22,4.32,4.04,3.92,3.99,5.87,4.28,3.8
