통계표,계정항목,단위,변환,2003/Q1,2003/Q2,2003/Q3,2003/Q4,2004/Q1,2004/Q2,2004/Q3,2004/Q4,2005/Q1,2005/Q2,2005/Q3,2005/Q4,2006/Q1,2006/Q2,2006/Q3,2006/Q4,2007/Q1,2007/Q2,2007/Q3,2007/Q4,2008/Q1,2008/Q2,2008/Q3,2008/Q4,2009/Q1,2009/Q2,2009/Q3,2009/Q4,2010/Q1,2010/Q2,2010/Q3,2010/Q4,2011/Q1,2011/Q2,2011/Q3,2011/Q4,2012/Q1,2012/Q2,2012/Q3,2012/Q4,2013/Q1,2013/Q2,2013/Q3,2013/Q4,2014/Q1,2014/Q2,2014/Q3,2014/Q4,2015/Q1,2015/Q2,2015/Q3,2015/Q4,2016/Q1,2016/Q2,2016/Q3,2016/Q4,2017/Q1,2017/Q2,2017/Q3,2017/Q4,2018/Q1,2018/Q2,2018/Q3,2018/Q4,2019/Q1,2019/Q2,2019/Q3,2019/Q4,2020/Q1,2020/Q2,2020/Q3,2020/Q4,2021/Q1,2021/Q2,2021/Q3,2021/Q4,2022/Q1,2022/Q2,2022/Q3,2022/Q4,2023/Q1,2023/Q2,2023/Q3,2023/Q4,2024/Q1,2024/Q2,2024/Q3,2024/Q4,2025/Q1,2025/Q2,2025/Q3
"1.2.5.2.1. 산업별대출금(예금은행, 전산업)","산업별대출금","십억원","원자료","266,338.6","277,690.2","285,246.9","284,503.9","294,659.0","295,670.5","296,491.1","289,328.8","292,520.1","296,151.4","301,395.0","308,408.9","318,130.8","329,970.6","340,521.9","353,208.0","368,426.4","396,994.3","420,229.7","440,043.1","465,822.9","493,407.0","516,928.7","528,536.9","542,479.1","546,886.1","553,547.2","544,001.2","552,454.8","556,336.9","560,760.7","555,691.0","573,215.7","584,543.5","602,620.3","607,335.8","617,245.1","625,821.0","637,571.3","632,513.2","641,951.6","655,155.4","669,031.6","673,629.1","690,495.6","707,670.5","718,984.6","730,466.5","745,640.5","756,542.9","772,893.3","783,088.0","791,997.0","800,346.0","810,308.0","806,728.9","817,387.2","822,902.4","836,999.8","843,655.5","856,956.7","865,254.1","881,382.7","887,195.6","898,811.4","911,049.7","919,087.4","930,894.2","965,794.0","1,010,764.4","1,031,203.6","1,043,846.8","1,068,655.2","1,090,533.3","1,118,875.3","1,140,596.6","1,168,729.3","1,204,944.4","1,237,308.8","1,263,286.4","1,280,694.0","1,303,185.4","1,333,599.7","1,350,510.1","1,376,237.7","1,401,619.3","1,421,247.1","1,422,899.1","1,436,710.4","1,451,007.2","1,471,429.0"
"1.2.5.2.1. 산업별대출금(예금은행, 전산업)","  농업, 임업 및 어업","십억원","원자료","18,892.3","19,158.0","18,468.8","17,312.3","17,388.4","17,030.8","16,321.4","15,125.5","15,207.0","15,114.0","14,935.5","14,598.7","14,716.0","14,871.0","14,735.2","14,462.2","14,688.2","14,956.7","14,054.4","13,890.8","13,464.6","14,438.8","14,974.6","14,708.6","15,149.4","14,858.9","14,895.7","15,053.4","15,094.5","15,099.7","14,995.7","15,138.3","14,988.3","15,056.1","14,861.9","14,846.5","14,955.3","15,417.4","15,599.8","15,770.6","15,935.0","16,462.8","17,037.9","17,171.4","17,428.0","17,878.4","18,133.1","18,262.6","18,259.4","18,599.0","19,026.9","19,341.2","19,372.6","19,590.3","19,859.3","19,951.1","20,042.2","20,299.6","21,097.9","20,777.5","20,969.8","21,480.7","21,776.9","22,215.6","22,527.7","23,190.5","23,810.2","24,203.1","24,662.6","25,387.3","25,806.9","26,078.6","26,426.1","26,857.9","27,261.5","27,566.5","27,870.1","28,439.5","29,673.4","30,430.1","30,755.4","31,675.2","32,178.4","32,241.3","32,142.6","33,264.4","33,572.8","33,447.7","33,599.1","34,004.4","34,287.6"
"1.2.5.2.1. 산업별대출금(예금은행, 전산업)","  광업","십억원","원자료","933.1","955.5","937.0","916.4","848.0","848.4","808.1","823.1","831.0","846.2","847.1","828.0","824.3","876.8","851.9","829.0","782.4","805.5","836.1","941.8","929.3","980.9","921.7","927.3","893.6","972.4","1,017.6","1,024.7","970.3","966.8","1,033.1","1,045.6","1,039.7","1,021.8","1,049.1","1,062.0","1,128.2","1,123.5","1,135.8","1,105.9","1,126.9","1,164.8","1,148.7","1,156.1","1,130.1","1,154.2","1,075.0","1,046.3","1,069.8","991.5","979.8","1,107.5","954.0","956.6","933.4","1,194.8","951.4","934.5","1,078.8","940.3","861.5","909.0","905.0","913.4","919.1","922.7","886.6","955.4","842.4","927.3","864.4","951.6","919.3","942.1","933.6","900.8","946.3","912.0","905.1","977.7","1,098.8","1,066.2","1,063.1","958.6","1,062.5","1,005.9","933.1","1,497.8","1,561.4","1,327.6","1,182.7"
"1.2.5.2.1. 산업별대출금(예금은행, 전산업)","  제조업","십억원","원자료","104,001.2","106,464.5","108,451.4","105,590.7","109,201.3","110,032.9","111,284.6","109,838.5","112,504.7","114,513.9","116,721.5","117,702.9","119,987.8","122,362.5","125,381.1","127,470.8","132,559.8","141,338.9","148,449.4","149,836.5","159,821.1","168,502.3","180,638.3","187,250.7","192,326.1","195,449.2","198,981.3","196,556.7","203,892.7","205,858.6","210,486.8","207,259.5","216,776.9","224,578.5","231,302.2","232,005.2","241,024.4","245,240.6","252,392.9","248,282.5","256,023.9","261,873.8","268,224.8","265,208.1","273,430.3","279,198.0","283,426.4","287,606.6","295,492.5","298,269.1","303,269.3","302,617.1","305,358.6","306,272.7","309,146.5","300,677.2","306,358.0","306,612.4","310,252.8","310,390.4","315,328.1","315,631.7","319,134.5","316,915.4","322,095.4","324,310.6","324,226.7","323,125.6","335,077.5","346,470.2","351,046.0","348,906.0","355,329.3","358,099.3","363,681.0","365,247.5","374,013.7","382,491.4","390,311.1","393,850.7","403,208.6","408,597.9","418,966.6","420,377.8","431,952.9","438,730.7","446,969.3","447,073.5","453,649.5","459,436.4","463,356.5"
"1.2.5.2.1. 산업별대출금(예금은행, 전산업)","    식료품 및 음료","십억원","원자료","7,757.0","7,792.4","7,950.3","7,628.6","7,803.1","7,512.8","7,493.9","7,428.9","7,755.2","7,509.9","8,422.1","8,481.9","7,852.0","7,827.9","7,515.1","7,677.2","7,801.7","8,013.2","8,531.6","8,931.5","9,649.0","9,846.5","10,459.8","10,965.5","10,795.9","10,919.8","10,756.8","11,152.6","11,539.6","11,630.7","11,898.0","12,308.8","12,668.9","13,092.5","12,667.9","13,778.5","13,877.4","13,950.4","14,185.9","14,014.7","14,733.1","15,211.7","15,340.2","15,760.7","16,061.0","15,845.5","15,978.4","16,497.9","16,847.4","17,064.6","17,296.0","17,766.3","18,002.9","18,193.9","18,323.7","18,893.0","19,212.1","19,501.3","20,004.7","20,840.8","21,098.9","21,304.4","21,753.9","22,398.7","23,134.9","23,399.6","23,779.8","24,386.5","25,118.6","25,758.4","26,315.6","26,783.1","27,592.5","27,561.6","28,156.7","29,072.4","29,759.5","30,638.2","31,108.1","32,267.4","32,544.2","32,402.5","32,906.1","33,740.2","34,196.2","34,210.0","34,834.5","35,601.0","35,876.5","36,348.0","36,586.3"
"1.2.5.2.1. 산업별대출금(예금은행, 전산업)","    담배","십억원","원자료","148.1","107.0","31.5","6.5","7.1","21.8","21.8","25.1","10.0","15.0","10.4","25.2","25.2","25.9","27.1","27.0","33.0","36.8","27.6","36.1","35.7","33.4","41.3","31.5","25.8","16.9","17.9","17.3","18.1","17.1","16.5","15.8","15.8","65.2","34.9","1.4","1.6","1.4","1.4","1.4","13.3","24.1","25.6","12.0","22.9","43.8","27.0","19.7","1.5","1.4","2.0","26.7","0.9","9.5","50.7","171.3","266.6","240.1","43.7","165.0","153.3","243.6","214.9","598.2","230.7","215.3","155.3","170.4","296.6","212.8","151.3","43.7","122.4","1.1","64.1","65.1","84.6","105.2","25.7","23.4","80.8","45.2","31.2","0.7","162.2","48.2","403.5","285.2","257.7","193.1","476.5"
"1.2.5.2.1. 산업별대출금(예금은행, 전산업)","    섬유제품","십억원","원자료","8,978.0","8,930.6","8,871.9","8,305.6","8,460.4","8,237.4","8,063.2","7,694.2","7,689.9","7,489.4","7,423.1","7,243.2","7,214.8","7,037.8","7,018.5","6,871.6","7,049.9","7,119.8","7,251.9","6,910.7","6,263.5","6,373.2","6,385.1","6,323.6","6,394.8","6,481.7","6,615.3","6,492.8","6,545.5","6,652.0","6,731.3","6,634.4","6,942.1","7,038.6","7,295.3","7,281.2","7,539.1","7,593.0","7,798.8","7,875.1","8,029.8","8,167.5","8,331.6","8,477.1","8,880.8","9,066.6","9,378.0","9,385.9","9,665.0","9,693.3","9,847.8","9,907.9","9,984.3","10,069.1","10,204.1","10,044.2","10,331.0","10,348.5","10,290.2","10,205.0","10,314.0","10,215.0","10,326.0","10,373.6","10,470.6","10,309.7","10,349.8","10,340.8","10,591.3","11,000.3","11,163.9","11,152.8","11,298.9","11,426.0","11,556.3","11,611.0","11,784.5","11,992.6","11,984.9","11,795.6","11,784.9","11,662.4","11,686.1","11,627.3","12,025.6","11,955.4","11,903.6","11,908.7","11,814.9","11,802.8","11,804.1"
"1.2.5.2.1. 산업별대출금(예금은행, 전산업)","    의복, 의복액세서리 및 모피제품","십억원","원자료","3,242.1","3,456.4","3,571.7","3,344.6","3,454.1","3,294.5","3,442.3","3,157.6","3,138.0","3,115.6","3,152.5","2,853.9","3,016.2","2,986.6","3,265.6","3,161.6","3,279.4","3,430.8","3,831.1","3,983.2","4,858.8","4,795.2","5,169.8","5,025.3","5,103.4","5,108.1","5,177.4","4,987.6","5,114.3","5,241.2","5,565.7","5,276.5","5,467.4","5,593.6","6,057.9","5,864.8","6,041.0","6,148.2","6,555.7","6,166.3","6,494.4","6,855.2","7,258.2","7,146.0","7,325.7","7,309.7","7,718.9","7,226.4","7,366.3","7,373.1","7,630.5","7,300.3","7,465.7","7,363.1","7,666.6","7,182.6","7,270.6","7,270.0","7,390.9","7,121.6","7,079.7","6,740.0","7,042.4","6,710.6","6,834.0","6,825.4","6,946.6","6,785.1","7,120.4","7,370.2","7,551.8","7,383.4","7,587.0","7,498.3","7,992.0","8,061.3","8,385.3","8,517.5","8,567.8","8,485.2","8,791.8","8,992.1","9,194.3","8,921.3","9,098.6","9,107.4","9,607.5","9,498.8","9,701.5","9,820.0","9,995.5"
"1.2.5.2.1. 산업별대출금(예금은행, 전산업)","    가죽, 가방 및 신발","십억원","원자료","1,494.0","1,482.4","1,454.9","1,352.2","1,372.2","1,339.6","1,326.0","1,222.0","1,230.1","1,174.7","1,186.0","1,164.5","1,161.1","1,177.2","1,194.2","1,168.8","1,198.4","1,287.8","1,367.4","1,319.2","1,445.5","1,477.3","1,561.6","1,536.5","1,552.8","1,520.2","1,467.6","1,453.8","1,458.0","1,454.4","1,487.1","1,438.5","1,473.1","1,494.3","1,578.0","1,542.1","1,561.0","1,660.9","1,742.2","1,737.9","1,785.1","1,854.7","1,914.5","1,900.7","1,952.1","2,005.8","2,051.4","1,921.3","1,990.9","1,932.2","1,948.8","1,976.8","2,021.3","1,996.0","2,049.5","1,994.4","2,073.2","2,056.9","2,006.3","1,997.0","1,984.9","2,059.5","2,047.1","2,039.3","2,032.8","2,062.3","2,060.3","2,036.9","2,116.9","2,209.9","2,266.9","2,259.9","2,274.7","2,239.1","2,221.0","2,402.2","2,398.2","2,318.7","2,290.5","2,252.3","2,360.6","2,415.7","2,421.3","2,388.4","2,355.4","2,229.4","2,233.1","2,293.5","2,269.1","2,272.8","2,305.0"
"1.2.5.2.1. 산업별대출금(예금은행, 전산업)","    목재 및 나무제품","십억원","원자료","1,340.5","1,432.9","1,524.3","1,488.7","1,533.4","1,472.3","1,460.6","1,419.4","1,427.3","1,398.7","1,356.6","1,387.8","1,393.0","1,448.1","1,471.4","1,536.1","1,613.4","1,740.0","1,811.4","1,833.0","1,860.4","1,934.1","2,024.4","2,160.2","2,206.7","2,192.3","2,201.9","2,184.0","2,178.4","2,156.5","2,157.1","2,136.3","2,151.3","2,155.6","2,165.1","2,203.7","2,242.1","2,277.8","2,345.2","2,223.0","2,296.0","2,360.9","2,394.0","2,387.2","2,526.4","2,612.1","2,650.7","2,674.3","2,840.8","2,940.9","2,959.1","2,989.4","3,046.1","3,121.1","3,110.0","3,093.1","3,175.5","3,220.1","3,307.1","3,293.6","3,311.7","3,292.1","3,342.2","3,356.5","3,451.8","3,497.1","3,518.5","3,478.0","3,534.8","3,568.0","3,616.7","3,604.6","3,621.5","3,670.3","3,694.1","3,716.2","3,808.4","3,916.0","3,981.8","4,035.1","4,090.5","4,150.6","4,209.3","4,239.0","4,301.1","4,268.4","4,347.4","4,342.6","4,366.6","4,362.1","4,359.2"
"1.2.5.2.1. 산업별대출금(예금은행, 전산업)","    펄프, 종이 및 종이제품","십억원","원자료","3,035.9","3,157.7","3,180.0","3,148.3","3,238.4","3,240.1","3,152.4","3,239.6","3,265.0","3,296.9","3,183.9","3,277.6","3,301.9","3,287.8","3,330.8","3,359.3","3,363.7","3,505.8","3,682.5","3,777.8","3,901.3","4,182.2","4,716.9","4,888.0","4,902.2","4,771.1","4,800.8","4,725.0","4,843.1","4,905.1","5,070.7","4,967.3","5,194.4","5,313.8","5,481.1","5,393.6","5,468.1","5,458.9","5,458.9","5,345.2","5,420.9","5,483.1","5,615.4","5,706.4","5,883.0","6,171.3","6,247.0","6,257.6","6,335.8","6,431.9","6,472.7","6,364.0","6,501.4","6,592.9","6,730.9","6,635.5","6,695.9","6,808.6","7,008.6","6,877.9","6,930.4","6,904.6","6,884.9","6,890.5","6,836.7","6,818.5","6,494.6","6,631.4","6,922.9","7,072.2","7,103.0","7,180.0","7,311.9","7,466.4","7,862.7","7,857.8","8,052.3","8,135.6","8,327.3","8,397.9","8,509.6","8,675.3","8,784.3","8,673.3","8,895.3","9,299.3","9,509.7","9,505.1","9,606.2","9,733.7","9,825.0"
"1.2.5.2.1. 산업별대출금(예금은행, 전산업)","    인쇄 및 기록매체","십억원","원자료","1,325.1","1,338.0","1,337.5","1,379.0","1,413.6","1,416.9","1,447.8","1,445.6","1,432.5","1,435.6","1,448.9","1,463.0","1,458.1","1,456.6","1,507.5","1,540.3","1,577.9","1,649.1","1,738.6","1,754.4","2,578.5","2,699.9","2,756.0","2,762.9","2,841.5","2,894.8","3,015.5","3,005.0","3,017.4","3,030.4","3,041.5","3,085.9","3,125.9","3,151.2","3,159.6","3,143.0","3,204.1","3,207.7","3,265.3","3,257.7","3,316.8","3,359.1","3,414.8","3,399.8","3,415.9","3,488.3","3,541.8","3,515.8","3,524.8","3,516.5","3,598.2","3,647.3","3,691.2","3,722.2","3,807.9","3,848.3","3,889.0","3,971.2","4,014.7","4,016.8","4,062.6","4,093.2","4,195.5","4,208.6","4,240.0","4,422.6","4,462.5","4,511.8","4,547.5","4,635.6","4,703.5","4,788.5","4,852.1","4,803.0","5,096.0","5,123.0","5,230.2","5,293.0","5,207.7","5,237.8","5,259.3","5,243.0","5,271.5","5,304.6","5,344.5","5,441.1","5,474.4","5,497.6","5,556.5","5,558.7","5,588.3"
"1.2.5.2.1. 산업별대출금(예금은행, 전산업)","    코크스, 연탄 및 석유정제품","십억원","원자료","733.3","743.4","723.1","656.8","667.2","625.6","566.1","545.8","538.7","568.0","645.7","865.7","731.9","412.9","433.8","422.4","421.4","699.3","702.3","778.9","1,175.4","1,004.8","1,307.4","1,562.0","1,487.6","1,562.7","1,639.7","1,755.9","1,838.0","1,856.0","1,845.1","1,718.8","2,397.8","2,584.9","2,293.9","2,403.0","2,419.5","2,423.6","2,336.6","2,232.3","2,217.2","2,196.0","2,146.7","2,039.8","1,991.5","2,140.2","2,230.9","1,976.7","1,916.8","1,885.5","1,539.0","1,845.6","1,931.1","1,953.7","2,084.5","2,167.7","2,139.0","2,133.4","2,165.9","2,330.1","2,422.5","2,432.8","2,462.0","2,551.8","2,502.8","2,471.9","2,633.7","2,640.4","3,271.9","2,672.5","3,146.0","2,910.3","3,193.2","3,582.2","3,892.1","3,986.9","4,349.0","4,479.9","4,243.1","4,902.4","5,190.0","4,960.3","5,756.4","5,345.5","5,199.6","5,193.5","5,042.7","6,440.2","6,539.0","6,292.2","5,406.7"
"1.2.5.2.1. 산업별대출금(예금은행, 전산업)","    화학제품 및 의료용 제품","십억원","원자료","10,542.9","10,634.9","10,845.8","9,885.1","10,529.9","10,517.0","10,553.6","10,104.3","10,163.7","10,222.6","10,295.6","10,317.5","10,606.2","10,792.9","10,778.1","10,630.8","11,054.6","12,391.2","13,202.3","13,183.4","14,036.7","15,457.7","17,525.1","17,926.0","18,058.6","17,909.5","17,910.5","16,912.4","18,365.3","18,743.8","19,443.2","18,778.5","19,808.9","20,816.5","21,843.3","21,570.4","23,146.1","24,194.9","23,950.8","23,405.5","24,248.0","24,633.2","25,168.8","24,772.3","25,921.8","26,076.9","26,570.1","26,908.9","27,885.4","27,921.5","28,544.6","28,437.3","28,436.4","27,945.4","27,585.7","27,058.1","26,946.7","26,828.5","27,032.5","27,222.5","27,968.8","28,894.0","28,966.9","28,369.7","28,636.4","28,837.6","28,687.7","28,453.2","30,935.8","33,181.4","32,575.4","32,659.9","32,866.8","33,596.6","34,293.3","35,480.3","37,575.4","39,459.3","41,396.1","41,808.1","44,510.3","46,935.3","49,254.1","48,585.1","51,598.1","53,417.5","55,136.5","54,400.5","56,030.2","56,647.2","57,211.0"
"1.2.5.2.1. 산업별대출금(예금은행, 전산업)","    고무제품 및 플라스틱 제품","십억원","원자료","5,474.6","5,726.4","5,995.7","5,834.4","6,079.3","6,199.0","6,446.4","6,334.0","6,435.8","6,583.8","6,640.7","7,013.6","7,201.3","7,460.6","7,588.2","7,756.8","7,929.8","8,342.2","8,770.0","8,995.4","9,586.3","10,164.1","10,570.8","10,523.2","10,826.8","10,841.0","11,102.9","10,883.5","11,100.3","11,500.6","11,735.5","11,675.5","12,235.0","12,886.9","13,196.8","12,886.9","13,490.3","13,757.8","14,092.7","13,785.7","14,353.3","14,517.5","14,822.1","15,152.1","15,809.9","16,353.7","16,435.5","16,938.0","17,781.7","18,170.5","18,371.4","18,428.1","18,890.1","19,109.5","19,286.2","19,194.7","19,579.6","19,735.7","20,259.9","20,223.3","20,640.1","21,039.4","21,290.1","21,538.9","21,907.9","22,232.0","22,353.5","22,022.3","22,248.8","22,831.3","23,310.7","23,348.1","23,724.2","24,394.6","24,736.1","24,866.9","25,418.7","26,266.2","26,820.8","26,727.4","26,941.0","27,058.2","27,049.0","26,812.1","27,121.6","27,110.9","27,262.7","27,392.7","27,354.6","27,448.1","27,637.0"
"1.2.5.2.1. 산업별대출금(예금은행, 전산업)","    비금속광물제품","십억원","원자료","6,182.5","6,429.0","6,415.0","6,222.1","6,371.0","6,323.7","6,333.9","6,164.8","6,141.9","6,181.1","6,137.0","5,826.7","5,802.6","6,139.5","6,007.2","6,158.6","6,289.4","6,373.3","6,550.8","6,991.2","7,756.7","8,151.5","8,693.2","8,782.3","8,700.7","8,293.3","8,047.5","7,860.0","8,099.4","8,227.0","8,715.3","8,933.0","9,223.6","9,399.4","9,780.2","9,763.0","9,985.9","10,033.0","10,181.4","9,709.0","10,031.0","9,951.8","10,212.3","10,083.9","10,109.1","10,153.4","10,046.8","9,977.9","10,167.7","10,284.8","10,462.5","10,345.0","10,207.8","10,213.7","9,939.7","9,893.9","10,098.5","10,138.3","10,473.8","10,479.4","10,951.5","11,211.8","11,067.2","11,172.3","11,157.6","11,355.1","11,447.9","11,290.8","11,658.7","11,686.8","11,933.2","11,800.6","12,006.2","11,921.9","11,917.1","12,072.9","12,296.6","12,714.3","13,059.2","13,318.7","13,451.7","13,765.6","14,040.4","14,610.6","15,028.0","15,185.3","15,610.5","15,654.8","15,856.3","16,572.7","16,749.7"
"1.2.5.2.1. 산업별대출금(예금은행, 전산업)","    제1차 금속","십억원","원자료","6,785.1","6,937.6","7,239.6","7,307.6","7,702.1","7,922.1","8,049.4","8,073.7","8,568.6","8,830.8","9,139.7","9,236.3","9,358.8","9,866.5","10,275.0","10,697.7","11,131.9","12,701.7","13,466.6","13,289.4","14,110.5","15,332.3","16,626.0","17,120.1","17,712.3","18,413.6","18,878.1","18,514.8","19,448.9","19,454.1","19,935.2","20,179.3","21,269.2","22,125.2","22,882.9","22,901.0","24,219.2","23,838.9","24,947.1","24,325.9","25,362.5","25,368.3","25,977.5","25,328.0","26,098.9","25,977.2","26,516.0","27,372.0","28,633.8","28,116.0","27,204.5","26,719.1","26,385.3","26,487.5","26,793.2","25,663.5","26,582.7","26,149.0","26,042.5","25,741.5","26,446.5","25,767.1","25,554.0","24,705.9","25,638.7","25,892.2","24,516.5","24,156.6","24,904.1","25,064.9","24,838.5","24,341.9","24,759.3","24,733.5","24,713.3","24,693.3","25,381.5","25,831.6","25,969.9","25,429.6","25,838.5","25,562.1","26,165.4","26,142.3","27,230.8","27,851.5","27,808.3","28,623.2","29,423.2","29,200.2","29,038.3"
"1.2.5.2.1. 산업별대출금(예금은행, 전산업)","    금속가공제품","십억원","원자료","6,988.2","7,335.0","7,392.5","7,367.0","7,675.9","7,917.4","8,163.0","8,191.2","8,496.5","9,138.4","9,272.4","9,537.8","10,005.5","10,280.4","10,903.0","11,496.9","12,344.7","13,398.8","14,228.0","14,377.8","15,403.0","16,441.4","17,355.2","17,729.1","18,392.9","18,816.4","19,276.1","19,122.4","19,730.1","19,988.4","20,551.6","20,322.4","21,280.1","21,824.0","22,339.2","22,132.1","22,848.9","22,974.0","23,893.7","23,315.7","24,204.7","24,938.8","25,683.2","25,235.4","26,205.9","26,904.6","27,605.8","27,703.2","28,817.5","29,079.4","30,009.2","30,187.0","30,558.2","30,733.8","31,083.5","30,489.9","31,248.0","31,631.9","32,368.9","31,878.8","32,037.2","32,260.5","32,688.4","32,527.3","33,054.5","33,456.2","33,644.4","33,697.1","34,420.4","35,367.5","35,684.1","35,648.5","36,301.4","36,733.5","37,478.6","37,299.1","37,931.5","38,484.4","38,930.5","38,955.4","39,549.7","39,517.0","39,939.2","39,784.2","40,206.5","40,850.8","41,426.4","41,127.9","42,037.6","42,402.6","42,865.8"
"1.2.5.2.1. 산업별대출금(예금은행, 전산업)","    전자부품, 컴퓨터, 영상, 음향 및 통신장비","십억원","원자료","10,700.1","10,878.6","11,149.1","10,471.7","10,558.0","10,848.2","10,983.7","10,643.5","10,873.8","10,981.8","11,400.8","11,590.2","11,875.0","12,109.9","12,517.1","12,643.5","12,939.6","13,367.5","13,717.9","13,997.5","14,728.0","14,847.7","15,696.1","16,104.3","16,710.6","17,270.9","17,396.1","16,774.2","17,559.3","17,705.2","17,945.0","18,108.9","19,455.8","20,401.1","21,079.4","21,526.9","22,253.1","22,262.2","22,422.1","22,047.1","21,899.0","22,399.2","22,766.0","21,906.9","22,379.0","22,682.0","22,153.5","22,640.6","22,739.6","22,851.3","22,997.0","22,040.5","22,435.5","21,908.0","21,904.1","21,175.5","21,403.4","21,652.8","21,355.3","21,240.5","21,478.8","21,772.9","22,156.7","21,592.2","21,932.7","22,180.2","21,731.2","21,741.0","22,433.4","23,245.3","23,211.4","22,614.3","22,752.3","22,793.0","22,819.3","22,796.3","23,389.0","23,749.2","24,584.4","26,014.7","27,595.9","28,251.9","29,950.7","30,464.3","31,912.1","32,305.2","32,621.6","31,416.9","31,971.0","34,804.0","34,700.4"
"1.2.5.2.1. 산업별대출금(예금은행, 전산업)","    의료, 정밀, 광학기기 및 시계","십억원","원자료","1,510.9","1,545.4","1,629.9","1,547.8","1,549.7","1,606.3","1,619.9","1,568.3","1,610.2","1,637.6","1,706.0","1,590.3","1,711.0","1,862.9","1,960.0","1,996.5","2,140.8","2,318.3","2,369.8","2,508.9","2,667.3","2,730.4","2,906.5","3,008.0","3,214.9","3,388.1","3,656.9","3,559.6","3,681.0","3,695.0","3,825.4","3,785.7","3,932.0","4,191.6","3,988.7","4,052.0","4,120.7","4,275.1","4,463.8","4,406.5","4,539.0","4,781.4","4,953.5","4,873.1","5,114.8","5,380.8","5,505.9","5,516.5","5,673.0","5,904.4","6,059.0","5,962.1","6,057.5","6,267.0","6,490.0","6,302.5","6,525.0","6,653.7","6,864.1","6,892.3","7,096.0","7,266.0","7,454.3","7,423.1","7,599.4","7,776.6","8,003.7","8,013.5","8,440.8","8,697.4","9,069.0","9,148.7","9,393.8","9,680.5","9,944.8","10,018.6","10,334.7","10,615.2","10,847.5","10,811.0","11,167.5","11,482.9","11,701.7","11,861.3","12,234.8","12,664.0","12,837.4","12,892.3","13,185.9","13,234.2","13,710.7"
"1.2.5.2.1. 산업별대출금(예금은행, 전산업)","    전기장비","십억원","원자료","4,333.4","4,619.2","4,577.8","4,366.6","4,428.7","4,467.8","4,510.0","4,310.8","4,507.3","4,586.8","4,562.5","4,506.5","4,771.8","4,780.7","4,938.1","4,915.8","5,139.2","5,484.7","5,738.0","5,827.2","6,926.9","7,365.8","7,787.5","8,032.3","8,111.9","8,389.9","8,672.0","8,511.6","8,907.6","9,493.5","9,914.8","9,696.8","10,123.1","10,394.3","10,659.1","10,488.9","11,215.2","11,614.0","12,037.2","11,565.2","11,922.2","11,989.8","12,394.7","11,840.1","12,282.6","12,671.1","13,043.9","12,957.9","13,515.8","13,703.0","13,935.7","13,562.5","13,980.8","14,017.7","14,212.2","13,750.6","14,118.5","14,368.1","14,672.7","14,558.7","14,870.1","14,954.1","15,380.9","15,213.2","15,470.8","15,695.5","15,924.7","15,820.5","16,144.6","16,603.3","17,047.9","16,745.8","17,095.1","17,725.6","18,351.6","18,192.8","18,819.6","19,683.6","21,395.2","21,675.5","22,826.8","23,702.5","24,650.2","24,976.7","25,733.6","26,181.7","27,033.4","27,200.5","27,622.8","28,244.6","28,067.3"
"1.2.5.2.1. 산업별대출금(예금은행, 전산업)","    기타 기계 및 장비","십억원","원자료","10,638.0","10,992.5","11,345.0","11,146.6","11,579.1","11,957.4","12,469.2","12,467.5","12,810.6","13,519.8","13,818.1","13,957.8","14,740.8","15,376.8","16,207.3","16,615.9","17,448.1","18,959.7","19,690.1","19,592.0","20,317.4","21,581.4","22,785.0","23,520.7","24,485.0","24,766.1","25,312.0","24,897.1","25,784.8","25,891.2","26,472.4","26,102.2","27,138.7","28,676.0","30,081.2","30,368.6","31,099.9","32,050.3","33,166.3","32,969.6","33,621.0","34,454.3","35,900.4","36,098.8","37,523.3","38,653.5","39,770.3","39,640.9","40,593.7","41,102.1","41,469.5","41,805.2","42,004.5","42,304.9","42,728.4","42,267.2","42,957.6","43,698.6","44,947.0","44,694.6","45,780.3","45,902.9","46,206.4","45,771.1","46,800.3","47,029.8","47,390.6","47,043.0","48,261.4","50,289.6","52,216.9","51,479.2","52,662.6","52,823.8","53,440.7","52,928.0","53,768.9","54,945.3","56,310.9","56,526.0","56,881.7","57,570.6","58,910.0","59,346.3","59,969.2","60,785.0","61,994.1","61,132.5","61,583.7","61,864.3","62,977.0"
"1.2.5.2.1. 산업별대출금(예금은행, 전산업)","    자동차 및 트레일러","십억원","원자료","7,299.6","7,319.8","7,570.4","8,415.3","8,823.1","9,124.7","9,297.6","9,783.7","10,318.6","10,531.9","10,764.6","11,133.0","11,400.1","11,301.7","11,538.0","11,710.1","12,208.4","12,695.4","13,401.5","13,161.2","13,467.6","14,175.9","15,507.9","17,906.9","18,546.1","18,561.9","18,663.5","18,401.4","18,822.3","18,256.1","18,439.9","17,450.0","18,185.4","18,406.1","19,122.5","19,706.2","20,691.9","21,301.9","22,071.8","22,248.5","23,153.7","23,545.0","24,109.2","24,618.8","25,349.6","25,843.9","26,486.0","27,716.8","28,586.5","29,249.9","29,897.9","30,046.8","30,317.8","30,641.9","30,981.3","30,588.8","31,327.8","31,032.6","31,524.1","31,930.3","31,961.7","31,195.4","31,447.2","31,012.7","31,517.4","31,115.4","31,035.0","30,654.4","31,996.4","34,011.7","34,103.0","33,720.9","34,358.6","33,931.8","33,985.8","33,474.0","33,908.9","33,895.4","33,549.7","33,302.3","33,154.3","33,239.0","33,636.3","34,116.3","34,513.9","35,231.8","36,292.9","36,642.0","36,942.6","37,731.9","38,237.4"
"1.2.5.2.1. 산업별대출금(예금은행, 전산업)","    기타 운송장비","십억원","원자료","2,243.8","2,124.1","2,189.1","2,108.4","2,228.5","2,274.7","2,276.1","2,352.7","2,421.7","2,599.3","2,771.0","2,744.4","3,003.5","3,336.3","3,414.3","3,556.2","3,886.9","4,258.2","4,688.9","4,911.4","5,207.3","5,967.9","6,585.3","7,184.6","8,028.9","9,039.0","10,124.4","11,033.3","11,428.9","11,489.5","11,180.8","10,173.3","10,042.7","10,215.9","10,696.7","10,089.0","10,719.0","11,330.7","12,447.0","12,583.9","13,231.5","14,605.0","14,587.0","13,251.0","13,265.1","14,388.6","13,956.4","15,210.1","14,893.2","15,230.9","16,975.3","16,947.4","17,176.0","17,155.9","17,538.1","13,698.5","13,779.9","12,267.2","11,657.4","11,331.0","11,150.5","10,141.8","10,538.6","10,294.1","10,270.3","10,155.6","10,360.9","10,392.7","11,026.1","11,413.2","11,303.8","11,363.4","11,384.1","11,018.1","10,567.3","10,458.4","10,093.0","9,823.3","9,784.9","9,927.4","10,549.1","10,721.6","11,118.5","11,084.8","12,480.8","12,678.9","12,899.7","12,639.0","12,932.4","11,996.9","12,848.6"
"1.2.5.2.1. 산업별대출금(예금은행, 전산업)","    가구제조 및 기타제품","십억원","원자료","3,247.9","3,481.3","3,456.4","3,607.7","3,726.5","3,713.5","3,607.8","3,665.8","3,669.1","3,696.3","3,383.8","3,485.9","3,357.0","3,393.5","3,490.9","3,527.8","3,707.9","3,565.4","3,681.0","3,676.5","3,845.5","3,939.5","4,177.3","4,157.8","4,226.8","4,292.0","4,248.4","4,312.6","4,412.3","4,470.9","4,514.7","4,471.7","4,645.5","4,751.7","4,898.4","4,908.9","4,880.4","4,885.9","5,029.1","5,066.3","5,151.5","5,177.1","5,209.1","5,218.0","5,310.7","5,429.1","5,512.1","5,548.1","5,715.1","5,815.9","6,048.6","6,311.7","6,263.8","6,465.7","6,576.0","6,563.7","6,737.5","6,905.9","6,822.3","6,865.1","6,969.9","7,263.2","7,395.2","7,451.1","7,641.6","7,818.7","7,962.6","8,072.5","8,291.2","8,762.0","8,898.0","9,106.5","9,321.8","9,637.3","10,001.5","10,155.0","10,298.8","10,662.2","10,930.0","10,948.0","11,087.0","11,184.6","11,219.6","11,293.3","11,268.5","11,634.5","11,631.3","11,529.8","11,635.4","11,775.9","11,764.1"
"1.2.5.2.1. 산업별대출금(예금은행, 전산업)","    산업용 기계 및 장비 수리업","십억원","원자료","","","","","","","","","","","","","","","","","","","","","","","","","","","","","","","","","","","","","","","","","","","","","","","","","","","","","","","","","","","","484.7","618.5","677.2","719.7","715.9","733.4","743.3","766.9","786.7","794.8","815.9","835.4","822.1","848.6","861.0","896.7","916.0","945.3","964.7","995.1","1,009.8","1,043.4","1,059.6","1,071.1","1,060.5","1,076.4","1,080.9","1,058.1","1,048.8","1,085.8","1,130.4","1,202.3"
"1.2.5.2.1. 산업별대출금(예금은행, 전산업)","  전기, 가스, 증기 및 공기조절 공급업","십억원","원자료","3,789.6","3,655.8","3,154.7","3,176.9","3,112.6","2,717.6","2,527.9","2,256.5","2,342.6","2,344.0","2,452.9","2,479.4","2,495.0","2,627.1","2,509.4","2,368.8","2,210.6","3,079.9","3,754.2","4,111.2","4,711.0","4,933.7","5,443.1","5,822.1","5,920.4","6,043.9","6,350.3","6,417.2","6,493.0","6,448.1","5,500.8","5,542.2","5,475.5","5,691.9","5,768.0","5,710.6","5,721.3","5,515.9","5,746.8","6,238.7","6,337.6","6,422.5","6,704.4","6,996.3","7,208.5","7,540.0","7,890.2","8,304.0","8,490.0","8,890.6","9,346.6","9,906.9","10,125.6","10,174.2","10,330.7","10,540.0","10,485.3","10,630.5","10,695.4","10,700.6","10,942.1","11,094.0","11,365.6","11,709.7","11,586.7","11,621.5","11,717.8","12,099.8","12,247.5","12,523.1","12,951.3","13,628.0","13,697.7","13,808.3","14,167.8","17,436.9","15,780.3","17,808.3","18,196.9","21,073.8","19,079.1","19,601.9","20,248.3","21,066.8","21,191.8","21,540.7","21,928.9","22,083.0","22,150.9","21,335.0","21,604.0"
"1.2.5.2.1. 산업별대출금(예금은행, 전산업)","  수도ㆍ하수 및 폐기물 처리, 원료재생업","십억원","원자료","1,325.3","1,323.3","1,326.8","1,334.5","1,426.7","1,456.2","1,528.9","1,617.5","1,685.7","1,878.3","1,831.3","1,888.1","1,981.2","2,163.2","2,277.6","2,281.7","2,964.7","3,201.4","3,176.8","3,309.0","3,648.1","4,037.4","3,906.2","3,798.8","3,995.3","4,103.9","4,316.5","4,355.2","4,557.9","4,807.1","4,549.0","4,655.7","4,890.2","5,073.5","5,023.5","5,057.5","5,366.9","5,435.0","5,490.2","5,407.7","5,636.6","5,940.7","5,996.1","5,937.8","5,940.4","6,042.9","6,075.3","6,087.8","6,079.9","6,157.0","6,171.3","6,091.0","6,101.9","6,216.5","6,159.8","6,039.4","6,076.0","6,099.4","6,119.0","5,960.0","6,103.9","6,183.4","6,218.0","6,166.1","6,293.6","6,694.2","6,773.4","6,722.1","6,951.4","7,201.1","7,440.9","7,760.6","7,959.0","8,245.4","8,278.6","8,568.2","8,820.7","8,952.5","9,033.3","9,110.6","9,241.8","9,437.8","9,645.0","9,880.2","10,227.5","10,533.7","10,760.9","10,976.0","11,137.4","11,330.8","11,433.6"
"1.2.5.2.1. 산업별대출금(예금은행, 전산업)","  건설업","십억원","원자료","21,094.0","23,036.8","24,216.3","23,466.7","23,966.8","23,897.6","23,532.6","21,684.0","22,347.6","23,549.7","24,472.0","24,462.0","27,490.0","30,076.5","31,107.0","32,514.1","35,217.0","39,388.5","42,295.3","44,300.3","47,753.3","51,545.3","53,921.4","52,876.5","52,946.8","51,673.1","48,349.5","43,433.0","43,515.5","41,749.1","42,504.3","38,099.2","38,517.5","39,096.4","41,016.1","38,618.0","39,085.5","38,246.9","38,133.6","34,070.6","35,212.7","34,999.9","36,052.7","33,600.8","35,391.0","34,414.6","34,789.6","31,605.7","32,979.0","32,637.2","32,499.5","30,512.5","31,712.0","30,968.4","30,847.9","28,163.5","29,328.4","28,592.3","28,988.6","27,398.7","28,468.7","27,582.8","27,877.2","26,194.3","27,774.1","27,626.6","28,420.9","27,863.9","28,940.9","30,716.7","31,469.4","30,128.4","31,667.5","32,574.7","33,726.0","33,390.7","34,494.6","36,573.2","38,792.2","40,384.1","40,405.6","41,332.8","43,324.9","42,760.3","45,334.6","46,295.9","46,090.9","44,471.5","44,680.8","45,955.0","46,730.3"
"1.2.5.2.1. 산업별대출금(예금은행, 전산업)","  서비스업","십억원","원자료","116,303.2","123,096.5","128,691.8","132,706.7","138,715.3","139,687.1","140,487.6","137,983.7","137,601.4","137,905.1","140,134.7","146,449.9","150,636.6","156,993.5","163,659.5","173,281.4","180,003.8","194,223.5","207,663.6","223,653.6","235,495.7","248,968.5","257,123.2","263,153.0","271,247.5","273,784.7","279,636.2","277,161.0","277,931.0","281,407.5","281,691.0","283,950.4","291,527.8","294,025.3","303,599.5","310,036.1","309,963.6","314,841.7","319,072.2","321,637.2","321,678.7","328,291.1","333,866.7","343,558.5","349,967.3","361,442.4","367,595.1","377,553.5","383,269.8","390,998.6","401,599.8","413,511.8","418,372.4","426,167.3","433,030.2","440,163.1","444,145.7","449,733.6","458,767.4","467,488.1","474,282.6","482,372.4","494,105.6","503,080.9","507,614.7","516,683.6","523,251.9","535,924.4","557,071.8","587,538.7","601,624.5","616,393.4","632,656.3","650,005.6","670,826.7","687,486.1","706,803.6","729,767.4","750,397.0","767,459.3","776,904.8","791,473.8","808,173.5","823,225.1","834,325.9","850,248.0","860,991.2","863,349.6","869,931.4","877,617.9","892,834.4"
"1.2.5.2.1. 산업별대출금(예금은행, 전산업)","    도매 및 소매업","십억원","원자료","35,866.6","38,024.1","39,429.9","40,604.1","41,533.2","41,737.1","42,411.7","41,745.1","41,669.3","41,970.1","41,744.5","42,199.3","42,936.7","45,143.0","47,622.4","48,583.7","50,909.1","54,677.5","57,595.8","58,502.6","61,463.2","65,321.9","67,604.0","67,360.8","68,893.4","70,062.6","71,150.6","70,254.7","71,706.9","73,002.9","73,478.7","72,859.8","75,510.3","76,553.5","77,760.0","78,453.2","80,676.1","81,916.7","83,576.9","84,251.7","85,712.7","87,470.7","89,225.4","88,185.3","90,433.3","91,533.4","92,520.4","92,837.6","94,463.2","95,372.8","96,718.0","97,440.3","98,674.1","100,862.6","102,084.6","101,270.6","103,230.2","103,599.9","105,462.8","105,282.6","107,603.5","110,526.2","113,056.5","112,930.7","115,448.0","118,788.2","120,288.6","122,297.7","127,735.4","135,011.4","138,434.8","140,396.6","144,169.5","147,411.9","151,692.0","154,580.7","159,899.6","165,178.1","169,664.1","171,551.1","174,841.1","176,696.9","178,955.3","179,674.0","182,394.1","183,514.3","184,579.6","184,364.7","187,195.2","188,704.6","190,440.8"
"1.2.5.2.1. 산업별대출금(예금은행, 전산업)","    운수 및 창고업","십억원","원자료","8,282.7","8,090.1","8,295.1","7,687.1","7,476.8","7,190.8","7,345.8","6,782.4","6,840.2","6,951.3","7,175.5","7,298.9","7,721.7","8,085.3","8,661.7","9,297.1","9,755.2","10,604.0","11,264.9","12,561.2","14,577.8","15,658.6","16,610.3","17,546.1","17,954.2","17,732.3","18,163.7","18,371.8","19,047.9","19,442.7","19,468.9","19,634.4","20,346.5","20,408.1","20,857.1","21,280.4","21,887.8","22,140.3","22,696.9","22,431.4","22,814.7","22,717.3","22,712.3","22,642.2","22,977.1","23,411.3","23,415.9","23,429.2","23,692.3","23,913.2","23,500.9","23,466.0","23,555.4","23,553.5","23,902.5","23,874.2","24,360.7","24,296.0","24,538.3","24,661.4","24,739.7","25,199.3","25,332.4","25,554.6","25,708.5","25,909.3","25,912.4","25,835.0","27,134.6","29,882.3","30,455.3","31,394.1","31,550.5","31,878.1","32,649.8","32,413.3","33,347.6","33,659.7","34,288.9","34,786.0","34,719.9","34,504.8","34,319.3","35,095.5","35,378.0","35,831.3","36,235.4","36,130.0","36,197.2","36,168.5","36,946.4"
"1.2.5.2.1. 산업별대출금(예금은행, 전산업)","    숙박 및 음식점업","십억원","원자료","12,145.8","13,248.8","14,316.7","14,905.1","15,368.4","15,550.0","15,386.3","15,017.2","14,704.4","14,348.6","14,348.8","14,266.9","14,249.2","14,310.7","14,300.8","14,543.2","14,965.2","15,605.3","16,489.8","17,090.3","17,568.0","18,131.8","18,270.0","18,353.2","18,677.7","18,994.4","19,100.2","19,067.1","19,067.7","19,186.4","19,343.2","19,577.8","19,723.0","20,247.8","21,179.5","21,904.0","22,188.2","23,182.3","23,775.1","24,292.7","24,716.5","25,537.5","25,824.4","26,357.7","27,128.0","28,002.2","28,428.1","29,216.3","30,082.8","31,001.4","31,989.3","32,682.7","33,149.9","33,633.9","34,088.1","34,388.6","34,745.9","35,367.3","35,794.8","36,103.6","36,466.1","37,500.0","38,224.6","38,482.8","38,967.4","39,832.8","40,436.0","41,075.9","42,896.9","47,648.0","47,948.1","48,932.7","50,513.7","51,386.8","51,860.5","51,799.4","52,409.4","52,534.0","53,767.3","53,812.5","54,284.3","54,812.2","55,738.0","55,428.2","56,005.5","57,001.9","58,259.3","58,086.5","58,912.7","59,646.1","60,890.8"
"1.2.5.2.1. 산업별대출금(예금은행, 전산업)","    정보통신업","십억원","원자료","","","","","","","","","","","","","","","","","","","","","","","","","","","","","9,983.4","9,963.6","10,004.0","10,150.7","10,653.8","11,066.9","11,442.8","11,607.8","14,036.3","14,159.7","14,006.9","12,953.8","12,424.6","12,702.1","12,949.3","12,561.6","13,193.9","14,464.6","14,004.4","13,892.7","13,964.5","13,885.2","13,470.6","13,407.5","13,388.3","13,452.0","13,433.3","13,372.2","13,513.0","13,714.0","14,086.0","14,114.8","13,911.0","14,477.5","15,015.6","14,986.1","15,328.2","15,507.4","15,736.6","16,838.5","18,501.6","19,284.6","20,316.8","21,122.3","22,411.9","23,582.7","24,940.2","25,669.0","28,204.2","30,155.3","31,900.3","33,398.9","34,604.2","36,882.9","38,295.1","38,143.5","38,891.9","39,268.0","39,256.0","38,770.5","38,587.0","38,415.0","38,872.4"
"1.2.5.2.1. 산업별대출금(예금은행, 전산업)","    금융 및 보험업","십억원","원자료","9,000.8","8,704.0","8,710.4","9,138.0","11,686.5","10,348.2","8,845.3","8,604.7","8,492.0","8,190.4","8,630.3","10,796.3","10,822.5","10,733.8","11,089.5","11,642.6","9,994.1","9,976.6","12,639.2","16,514.0","16,495.7","17,780.6","19,891.1","22,385.1","26,130.6","24,073.5","24,006.6","22,078.9","20,490.7","21,030.5","22,057.7","23,930.0","25,877.5","26,755.1","30,365.2","32,853.6","26,824.7","24,406.8","23,933.6","25,036.7","21,888.8","21,478.4","21,044.9","23,769.9","23,149.3","24,921.6","24,349.7","26,296.2","24,905.6","24,196.1","25,322.9","27,449.3","26,622.3","26,387.1","26,932.2","30,222.9","27,807.5","27,083.6","30,439.8","32,706.8","32,359.7","32,136.9","33,612.3","35,478.1","34,120.9","34,184.9","33,380.3","36,165.8","39,349.0","39,724.5","39,296.4","40,955.8","42,241.8","42,306.7","42,508.8","47,096.2","46,101.2","49,574.6","52,997.7","61,312.5","60,103.0","62,284.1","65,137.8","70,923.4","71,383.4","73,512.4","73,751.8","76,697.2","78,353.7","79,158.2","83,608.6"
"1.2.5.2.1. 산업별대출금(예금은행, 전산업)","    부동산업","십억원","원자료","20,058.5","22,872.6","26,075.5","28,178.8","29,518.9","31,196.1","32,131.9","31,671.2","31,391.6","32,351.3","33,251.4","35,196.3","36,862.2","39,648.3","42,475.7","47,592.6","51,356.3","56,774.4","60,202.1","67,481.5","71,013.8","76,334.9","77,633.3","79,742.3","80,260.5","80,020.6","84,055.5","84,411.0","81,985.0","82,162.5","81,432.2","80,388.7","80,568.9","80,052.2","81,728.5","82,383.7","83,119.0","85,419.1","87,376.3","87,508.7","87,882.5","91,188.9","94,575.1","97,028.1","98,506.7","103,282.1","107,493.3","111,725.6","115,962.0","121,483.9","127,335.7","131,735.5","134,857.0","139,299.4","142,739.5","145,842.0","148,007.2","152,363.0","159,624.8","164,902.9","169,713.3","173,886.5","179,398.1","183,939.4","185,686.7","191,464.6","196,958.5","201,251.3","205,860.5","212,801.1","217,799.1","222,178.0","226,840.7","235,351.6","245,892.5","251,867.2","259,068.9","267,416.8","273,677.3","276,797.7","280,778.9","286,162.1","293,275.9","299,236.2","303,480.2","311,907.6","317,668.7","317,012.7","316,121.4","318,462.8","322,603.8"
"1.2.5.2.1. 산업별대출금(예금은행, 전산업)","    전문, 과학 및 기술 서비스업","십억원","원자료","2,514.6","2,638.7","2,845.1","2,557.8","3,017.0","2,867.1","2,824.8","2,707.7","2,904.1","2,786.8","2,922.6","2,927.9","3,092.3","3,374.8","3,465.6","3,675.2","3,887.1","4,401.0","4,770.3","4,715.2","6,405.2","5,985.0","6,294.4","6,294.7","6,539.4","6,778.8","7,171.4","7,339.0","7,518.6","7,783.7","8,424.7","9,271.2","8,805.4","9,160.1","9,218.6","9,342.4","9,462.2","9,708.0","10,142.8","10,286.0","9,618.3","9,930.5","10,635.0","10,393.5","10,752.6","11,235.4","11,796.1","11,799.0","11,679.1","11,700.6","12,900.8","12,407.1","12,766.3","13,014.1","13,447.7","13,142.5","14,157.3","14,498.5","12,060.6","11,199.3","11,714.4","11,725.2","12,385.7","13,492.4","14,422.6","14,759.5","14,630.0","14,520.4","15,487.6","16,608.6","17,900.9","18,664.7","20,100.4","21,303.0","22,740.7","23,719.7","25,554.1","26,888.8","28,274.1","28,933.4","30,461.3","31,097.8","32,065.0","32,390.9","33,073.5","33,230.9","33,528.7","33,630.0","34,411.9","33,938.7","34,185.3"
"1.2.5.2.1. 산업별대출금(예금은행, 전산업)","    사업시설관리, 사업지원 및 임대서비스업","십억원","원자료","1,969.0","2,177.2","1,559.0","1,696.3","1,742.6","1,928.3","1,784.9","1,733.8","1,753.6","1,742.2","1,726.4","1,925.2","2,146.0","2,151.8","2,047.6","2,375.6","2,725.4","3,330.8","3,407.7","3,572.7","3,856.3","4,525.5","4,557.6","4,458.4","4,505.0","4,295.5","4,343.8","4,451.2","4,610.1","4,762.1","4,958.9","5,096.6","5,303.0","5,389.0","5,534.8","5,729.9","5,916.0","6,394.9","6,078.4","5,883.5","6,534.8","6,164.0","6,312.9","6,437.5","6,933.0","7,729.0","7,555.1","7,565.9","7,381.3","7,557.5","7,757.9","7,818.9","7,965.8","7,863.6","8,018.6","8,186.4","7,897.9","8,762.6","7,281.7","8,215.6","8,108.6","8,219.4","8,502.1","8,768.2","8,771.0","8,820.9","8,981.2","9,268.0","10,044.0","11,127.7","11,465.3","11,562.5","11,572.4","11,889.2","11,750.9","11,972.5","12,143.0","12,806.7","13,295.1","13,563.0","13,548.7","13,739.0","13,880.4","14,170.7","14,346.4","14,772.3","15,077.6","15,195.9","15,636.2","16,789.9","17,129.9"
"1.2.5.2.1. 산업별대출금(예금은행, 전산업)","    교육서비스업","십억원","원자료","2,069.4","2,310.5","2,263.9","2,370.6","2,415.7","2,457.3","2,571.3","2,546.0","2,568.9","2,588.0","2,635.5","2,723.0","2,780.8","2,870.9","2,952.4","3,157.2","3,170.7","3,303.6","3,400.2","3,651.8","4,179.4","4,301.4","4,327.1","4,386.3","4,572.3","4,621.8","4,718.3","4,741.0","4,803.6","4,855.4","5,011.2","5,028.8","5,076.3","5,208.4","5,304.6","5,408.5","5,327.8","5,417.3","5,446.7","5,519.5","5,585.9","5,616.4","5,574.4","5,549.1","5,578.5","5,529.9","5,633.4","5,810.3","5,961.6","6,128.1","6,187.9","6,196.4","6,265.3","6,359.1","6,401.8","6,556.5","6,516.2","6,609.8","6,815.0","7,041.8","7,137.7","7,210.8","7,292.3","7,462.6","7,410.3","7,466.2","7,520.2","7,847.3","8,049.9","9,384.0","9,612.5","9,913.7","10,186.3","10,440.6","10,691.2","10,756.8","11,108.6","11,355.8","11,565.3","11,570.2","11,737.3","11,650.9","11,667.3","11,791.2","11,685.1","11,722.9","11,819.9","11,817.8","11,868.3","12,188.4","12,377.5"
"1.2.5.2.1. 산업별대출금(예금은행, 전산업)","    보건 및 사회복지서비스업","십억원","원자료","5,637.9","6,054.4","6,350.6","6,610.5","6,755.6","6,981.5","7,112.5","7,229.7","7,323.4","7,451.1","7,604.9","7,924.4","8,144.1","8,504.7","8,691.3","9,307.7","9,316.6","9,994.8","10,872.6","11,694.6","11,909.8","12,009.5","12,078.9","12,108.9","12,254.2","12,576.0","12,709.2","12,816.0","12,950.4","13,161.5","13,112.0","13,253.5","13,362.9","13,613.7","13,890.2","14,239.0","14,392.5","14,733.8","15,076.7","15,571.1","15,981.6","16,603.2","17,018.6","17,437.7","17,802.7","18,254.7","18,506.2","18,875.5","19,225.9","19,771.6","20,538.6","20,953.7","21,006.2","21,560.7","22,141.9","22,272.3","22,471.8","22,807.9","23,386.9","23,841.7","24,136.4","24,610.0","25,301.1","25,817.8","26,133.3","26,574.6","27,229.2","27,678.1","28,483.0","29,823.7","31,263.3","32,633.1","33,627.4","34,654.8","35,650.1","36,207.5","37,224.6","38,004.2","38,383.2","38,531.5","39,103.7","39,710.7","40,397.9","40,828.1","41,321.3","41,810.1","42,334.4","42,671.0","43,129.2","43,781.8","44,426.2"
"1.2.5.2.1. 산업별대출금(예금은행, 전산업)","    예술, 스포츠 및 여가 관련 서비스업","십억원","원자료","","","","","","","","","","","","","","","","","","","","","","","","","","","","","9,382.2","9,383.9","9,518.8","9,358.5","9,515.5","9,316.8","9,247.4","9,196.1","9,503.2","9,760.2","9,971.0","10,128.6","10,610.9","10,673.7","10,393.1","11,332.3","10,799.5","10,185.0","10,031.7","9,585.5","9,380.0","9,230.2","9,183.3","9,272.0","9,334.5","9,405.3","9,610.9","9,686.2","9,592.7","9,672.0","9,876.6","9,961.4","10,025.9","10,063.8","10,270.3","10,343.3","10,555.7","10,758.2","10,957.9","11,141.9","11,557.5","12,558.6","13,224.9","13,810.5","14,039.3","14,428.3","14,842.8","15,002.7","15,346.4","15,797.8","16,161.1","16,418.6","16,646.0","17,395.6","17,927.8","18,609.5","19,075.4","20,220.6","20,824.0","21,019.4","21,199.7","21,434.0","21,728.9"
"1.2.5.2.1. 산업별대출금(예금은행, 전산업)","    공공행정 등 기타서비스","십억원","원자료","8,921.2","9,090.8","8,815.2","8,912.1","8,808.4","9,101.9","9,552.3","9,453.5","9,526.0","9,463.2","9,910.1","10,480.2","11,322.5","11,404.0","11,161.3","11,492.9","11,844.8","12,456.6","13,281.2","12,912.8","12,882.2","12,881.2","12,676.4","12,701.4","13,164.0","15,679.9","14,487.7","14,451.0","16,384.5","16,672.3","14,880.7","15,400.4","16,784.7","16,253.7","17,070.8","17,637.5","16,629.8","17,602.6","16,990.9","17,773.5","17,907.4","18,208.4","17,601.3","21,863.6","22,712.7","22,893.2","23,860.8","26,519.7","26,571.5","26,758.0","26,693.9","30,682.4","30,787.3","30,776.0","30,229.1","31,348.7","31,845.3","30,959.0","29,400.1","29,456.2","28,366.3","26,816.8","25,714.6","25,824.9","25,062.1","22,617.0","21,221.0","22,004.5","21,971.8","23,684.2","23,907.1","24,829.4","25,402.4","25,371.9","25,607.2","26,401.1","26,396.0","26,395.6","26,422.6","26,783.9","26,076.4","26,536.8","26,513.7","26,933.9","27,291.1","27,455.7","27,655.8","27,953.9","28,318.9","28,929.9","29,623.8"
"1.2.5.2.1. 산업별대출금(예금은행, 전산업)","    정보통신업, 예술, 스포츠, 여가 관련","십억원","원자료","9,836.7","9,885.3","10,030.4","10,046.3","10,392.2","10,328.8","10,520.8","10,492.4","10,427.9","10,062.1","10,184.7","10,711.5","10,558.6","10,766.2","11,191.2","11,613.6","12,079.3","13,098.9","13,739.8","14,956.9","15,144.3","16,038.1","17,180.1","17,815.8","18,296.2","18,949.3","19,729.2","19,179.3","","","","","","","","","","","","","","","","","","","","","","","","","","","","","","","","","","","","","","","","","","","","","","","","","","","","","","","","","","","","","","",""